﻿title_list,view,upload_date,comment,likes_num,unlikes_num
#우리는 #차박홀릭,조회수 832회,2020. 9. 25.,댓글 11개,NaN,NaN
#우리는 #치어리더스,조회수 463회,2020. 9. 25.,댓글 7개,NaN,NaN
#우리는 #벽카소,조회수 296회,2020. 9. 25.,댓글 5개,NaN,NaN
#우리는 #4드론러시,조회수 674회,2020. 9. 25.,댓글 10개,NaN,NaN
#우리는 #다트나이트,"조회수 1,203회",2020. 9. 25.,댓글 29개,NaN,NaN
#우리는 #나이스투미트,조회수 585회,2020. 9. 25.,댓글 5개,NaN,NaN
[부딪쳐라 더 짜릿하게] 소모임편 (EXO-SC/30s),"조회수 17,487회",2020. 9. 17.,댓글 286개,NaN,NaN
[부딪쳐라 더 짜릿하게] 소모임편 (EXO-SC/30s),"조회수 10,603회",2020. 9. 17.,댓글 157개,NaN,NaN
[부딪쳐라 더 짜릿하게] 소모임편 (EXO-SC/15s),"조회수 1,053,888회",2020. 9. 17.,댓글 405개,NaN,NaN
[부딪쳐라 더 짜릿하게] 소모임편 (EXO-SC/15s),"조회수 1,656,972회",2020. 9. 17.,댓글 147개,NaN,NaN
[부딪쳐라 더 짜릿하게] 소모임편 (EXO-SC/15s),"조회수 1,706,601회",2020. 9. 17.,댓글 321개,NaN,NaN
[카.톸.방] 하얀트리의 카~~~톸 하이라이트!,조회수 639회,2020. 9. 16.,댓글 2개,NaN,NaN
"[카.톸.방] #파뿌리, #하얀트리 안주빌런들의 카스 안주 월드컵 (feat.역전할머니)","조회수 1,230,025회",2020. 9. 10.,댓글 313개,NaN,NaN
[카.톸.방] 안주빌런들의 거침없는 카~~토크!,"조회수 2,129회",2020. 9. 2.,댓글 6개,NaN,NaN
[CBP CONNECT 2.0] Making Film,"조회수 44,772회",2020. 7. 29.,댓글 166개,NaN,NaN
[2020 CASS SUMMER] 부딪쳐라 더 짜릿하게! 촬영 비하인드 신 (EXO-SC /60s),"조회수 47,902회",2020. 7. 22.,댓글 465개,NaN,NaN
[CBP CONNECT 2.0] 아티스트 소개영상_EXO-SC,"조회수 32,532회",2020. 7. 16.,댓글 239개,NaN,NaN
[CBP CONNECT 2.0] 아티스트 소개영상_RED VELVET,"조회수 8,799회",2020. 7. 16.,댓글 17개,NaN,NaN
[CBP CONNECT 2.0] 아티스트 소개영상_1MILLION,"조회수 6,685회",2020. 7. 16.,댓글 15개,NaN,NaN
[CBP CONNECT 2.0] 아티스트 소개영상_LeeHi,"조회수 106,919회",2020. 7. 16.,댓글 17개,NaN,NaN
[CBP CONNECT 2.0] 아티스트 소개영상_RAIDEN,"조회수 72,918회",2020. 7. 15.,댓글 24개,NaN,NaN
[CBP CONNECT 2.0] 아티스트 소개영상_HYO,"조회수 90,634회",2020. 7. 15.,댓글 21개,NaN,NaN
[CBP CONNECT 2.0] 아티스트 라인업_(6s),"조회수 20,763회",2020. 7. 15.,댓글 115개,NaN,NaN
[CBP CONNECT 2.0] 아티스트 소개영상_ LOOPY & NAFLA,"조회수 15,128회",2020. 7. 15.,댓글 10개,NaN,NaN
[CBP CONNECT 2.0] 아티스트 소개영상_DULMOIM,"조회수 82,401회",2020. 7. 15.,댓글 16개,NaN,NaN
[2020 CASS SUMMER] 콜드브루로 프레시하게! (EXO-SC /30s),"조회수 53,312회",2020. 7. 13.,댓글 344개,NaN,NaN
[2020 CASS SUMMER] 콜드브루로 프레시하게! (EXO-SC /15s),"조회수 631,218회",2020. 7. 13.,댓글 106개,NaN,NaN
[2020 CASS SUMMER] 부딪쳐라 더 짜릿하게! (EXO-SC / 6s),"조회수 27,161회",2020. 7. 8.,댓글 53개,NaN,NaN
[2020 CASS SUMMER] 부딪쳐라 더 짜릿하게! (EXO-SC / 30s),"조회수 208,355회",2020. 7. 8.,"댓글 1,888개",NaN,NaN
[2020 CASS SUMMER] 부딪쳐라 더 짜릿하게! (EXO-SC /15s),"조회수 288,009회",2020. 7. 8.,댓글 357개,NaN,NaN
[CBP CONNECT 2.0] Get ready to connect?,"조회수 89,560회",2020. 7. 8.,댓글 58개,NaN,NaN
[CBP CONNECT 2.0] TEASER FILM,"조회수 267,226회",2020. 6. 29.,댓글 71개,NaN,NaN
다시 짜릿하게 부딪칠 그날까지_전라도편,"조회수 570,081회",2020. 6. 10.,댓글 5개,NaN,NaN
다시 짜릿하게 부딪칠 그날까지_경상도편,"조회수 312,573회",2020. 6. 10.,댓글 3개,NaN,NaN
다시 짜릿하게 부딪칠 그날까지_강원충청편,"조회수 905,722회",2020. 6. 10.,댓글 2개,NaN,NaN
다시 짜릿하게 부딪칠 그날까지,"조회수 277,508회",2020. 5. 28.,댓글 28개,NaN,NaN
다시 짜릿하게 부딪칠 그날까지,"조회수 3,306,937회",2020. 5. 28.,댓글 7개,NaN,NaN
[알짜맥주클라쓰] 팩트체크편,"조회수 350,920회",2020. 5. 27.,댓글 31개,NaN,NaN
[알짜맥주클라쓰] 국대맥주와 취향,"조회수 373,235회",2020. 5. 20.,댓글 24개,NaN,NaN
[알짜맥주클라쓰] 집맥 맛있게 즐기기!,"조회수 276,502회",2020. 5. 11.,댓글 54개,NaN,NaN
[알짜맥주클라쓰] 양세브라더스의 막카스~,"조회수 245,645회",2020. 5. 6.,댓글 30개,NaN,NaN
[알짜맥주클라쓰] 소맥&막맥 레서피 대공개!,"조회수 10,444,859회",2020. 5. 4.,댓글 915개,NaN,NaN
[알짜맥주클라쓰] 백종원만의 0맥 레서피는?,"조회수 1,589,925회",2020. 4. 29.,댓글 103개,NaN,NaN
"[집돼지챌린지] 돼지테라피, 침샘 터지는 ASMR, 한 시간 동안 같이 굽고 먹으실 분?",조회수 613회,2020. 4. 27.,댓글 3개,NaN,NaN
[집돼지챌린지] 사랑한다면 돈스파이크처럼,"조회수 17,196회",2020. 4. 23.,댓글 5개,NaN,NaN
"[집돼지챌린지]지글 지글, 지금 떠오르는 사람이 있나요?","조회수 357,745회",2020. 4. 22.,댓글 28개,NaN,NaN
"[집돼지챌린지] 우울할 땐 고기 앞으로, 셀위 #돼지앤카스?","조회수 41,897회",2020. 4. 20.,댓글 4개,NaN,NaN
"[Cass] #집돼지챌린지 : 돈스파이크, 축제의 시작을 알리다","조회수 881,732회",2020. 4. 13.,댓글 78개,NaN,NaN
[Cass] #집돼지챌린지 : 돼지사랑꾼을 찾네,"조회수 97,891회",2020. 4. 10.,댓글 1개,NaN,NaN
다시 빛날 스무살의 2020,"조회수 77,905회",2020. 4. 7.,댓글 15개,NaN,NaN
다시 빛날 우리의 2020,"조회수 172,788회",2020. 4. 7.,댓글 2개,NaN,NaN
[Cass] 2020년 별자리 운세 - 염소자리,"조회수 2,663회",2020. 1. 29.,댓글 3개,NaN,NaN
[Cass] 2020년 별자리 운세 - 사수자리,"조회수 2,092회",2020. 1. 29.,댓글 1개,NaN,NaN
[Cass] 2020년 별자리 운세 - 전갈자리,"조회수 2,448회",2020. 1. 29.,댓글 2개,NaN,NaN
[Cass] 2020년 별자리 운세 - 천칭자리,"조회수 1,398회",2020. 1. 29.,댓글 0개,NaN,NaN
[Cass] 카스 별자리캔 한정 출시 (6s),조회수 813회,2020. 1. 28.,댓글 0개,NaN,NaN
[Cass] 손나은 x 카스 별자리캔 (6s),조회수 862회,2020. 1. 28.,댓글 0개,NaN,NaN
[Cass] 카스 별자리캔 한정 출시 - 손나은 점성술사 편,"조회수 892,570회",2020. 1. 28.,댓글 6개,NaN,NaN
[Cass] 2020년 별자리 운세 - 처녀자리 편,"조회수 1,883회",2020. 1. 27.,댓글 2개,NaN,NaN
[Cass] 2020년 별자리 운세 - 사자자리 편,"조회수 2,229회",2020. 1. 27.,댓글 1개,NaN,NaN
[Cass] 2020년 별자리 운세 - 게자리 편,"조회수 1,867회",2020. 1. 27.,댓글 2개,NaN,NaN
[Cass] 2020년 별자리 운세 - 쌍둥이자리 편,"조회수 1,994회",2020. 1. 27.,댓글 2개,NaN,NaN
[Cass] 2020년 별자리 운세 - 황소자리 편,"조회수 2,255회",2020. 1. 22.,댓글 2개,NaN,NaN
[Cass] 2020년 별자리 운세 - 양자리 편,"조회수 2,095회",2020. 1. 22.,댓글 4개,NaN,NaN
[Cass] 2020년 별자리 운세 - 물고기자리 편,"조회수 2,306회",2020. 1. 22.,댓글 0개,NaN,NaN
[Cass] 2020년 별자리 운세 - 물병자리 편,"조회수 3,195회",2020. 1. 22.,댓글 0개,NaN,NaN
[CBP2019 솔크_타로운세편],"조회수 52,732회",2019. 12. 29.,댓글 0개,NaN,NaN
[CBP2019 솔크_이별택시편],"조회수 68,503회",2019. 12. 26.,댓글 2개,NaN,NaN
[CBP2019 솔크_헤어진 연인편],"조회수 56,576회",2019. 12. 23.,댓글 0개,NaN,NaN
[표절제로카피추-반짝반짝CBP🎧],"조회수 164,297회",2019. 12. 18.,댓글 11개,NaN,NaN
[CBP 2019 월드카운트다운] Are You Ready? (15s),"조회수 797,585회",2019. 12. 11.,댓글 0개,NaN,NaN
[CBP 2019 월드카운트다운] Are You Ready? (30s),"조회수 3,541회",2019. 12. 11.,댓글 2개,NaN,NaN
[CBP 2019 월드카운트다운] 우주선을 찾습니다 (Bumper 3),조회수 506회,2019. 12. 11.,댓글 1개,NaN,NaN
[CBP 2019 월드카운트다운] 우주선을 찾습니다 (Bumper 2),조회수 438회,2019. 12. 11.,댓글 0개,NaN,NaN
[CBP 2019 월드카운트다운] 우주선을 찾습니다 (Bumper 1),조회수 431회,2019. 12. 11.,댓글 0개,NaN,NaN
[CBP 2019 월드카운트다운] 우주선을 찾습니다,"조회수 7,476회",2019. 12. 11.,댓글 0개,NaN,NaN
CBP 2019 월드카운트다운 Teaser Film,"조회수 2,617회",2019. 11. 7.,댓글 0개,NaN,NaN
