﻿title_list,view,upload_date,comment,likes_num,unlikes_num
[비비고] 비비고죽 X 한번다녀왔습니다 - 다재커플의 귀염뽀짝 사돈시절,조회수 271회,2020. 9. 23.,댓글 2개,좋아요 17개,싫어요 없음
[스팸] 스팸®브랜드 2020년_6'_절대맛스팸_캠페인_추석선물세트,조회수 976회,2020. 9. 2.,댓글 1개,좋아요 6개,싫어요 1개
[스팸] 스팸®브랜드 2020년_6'_절대맛스팸_캠페인_추석선물세트_CJ더마켓,조회수 833회,2020. 9. 2.,댓글 0개,좋아요 9개,싫어요 없음
[스팸] 스팸®브랜드 2020년_15'_절대맛스팸_캠페인_추석선물세트_CJ더마켓,"조회수 1,218회",2020. 9. 2.,댓글 1개,좋아요 9개,싫어요 없음
"[미각갤러리] 냉동만두에서 수제만두의 맛이난다…💚 찐만두, 군만두 모두 맛있는 만두계의 본좌│비비고 수제만둣집 맛 진한고기만두 & 새우만두",조회수 865회,2020. 8. 31.,댓글 0개,좋아요 9개,싫어요 1개
[미각갤러리] 편의점 간식 추천! 스팸과 맥스봉 핫바의 ✨갓벽한 만남 ✨ㅣ맥스봉 직화구이 꼬치바 스팸,조회수 418회,2020. 8. 31.,댓글 0개,좋아요 1개,싫어요 없음
[미각갤러리] 바삭바삭 부침개 만드는 특급노하우 전수합니다ㅣ백설 컵전,조회수 981회,2020. 8. 31.,댓글 0개,좋아요 7개,싫어요 1개
"[CJ더키친 레시피] 분위기 있는 홈스토랑 메뉴, 솔트에이징 스테이크와 오미자 펀치 레시피",조회수 234회,2020. 8. 27.,댓글 1개,좋아요 2개,싫어요 1개
"[CJ더키친 레시피] 맥주 안주 요리 추천, 통등심 돈카츠와 구운 채소 플레터 (Platter Recipe)",조회수 148회,2020. 8. 27.,댓글 1개,좋아요 없음,싫어요 없음
[CJ더키친 레시피] 전복이 통으로 올라간 전복구이 불낙죽 레시피,조회수 94회,2020. 8. 27.,댓글 0개,좋아요 1개,싫어요 없음
[CJ더키친 레시피] 간단한 반찬 요리 채소 고기 가득 들어간 비엔나Style로 만드는 법,조회수 241회,2020. 8. 27.,댓글 0개,좋아요 1개,싫어요 없음
"[CJ더키친 레시피] 야식 메뉴 추천, 비비고 신제품으로 칠리소스 수제 만두 만들기 (에어프라이어 레시피)",조회수 364회,2020. 8. 27.,댓글 0개,좋아요 3개,싫어요 1개
[CJ더키친 레시피] 홈캠핑 홈캉스에 제격인 베이컨요리 베이컨 그릴 채소 플레이트 만들기,조회수 100회,2020. 8. 27.,댓글 0개,좋아요 1개,싫어요 없음
[CJ더키친 레시피] 쉬림프 로제 파스타 간단하게 만드는 법 (Shrimp Rose Pasta Recipe),조회수 210회,2020. 8. 27.,댓글 0개,좋아요 2개,싫어요 없음
[CJ리턴업전립소] 남자의 건강기능식품 No.1 CJ전립소,조회수 318회,2020. 8. 25.,댓글 1개,좋아요 없음,싫어요 없음
[백설 참기름] 맛있는 집콕 생활 #참기름잡채김밥,조회수 642회,2020. 8. 23.,댓글 1개,좋아요 11개,싫어요 없음
[백설 참기름] 고소한 우리집 홈카페 #참기름라떼,조회수 694회,2020. 8. 23.,댓글 0개,좋아요 10개,싫어요 3개
"[백설x생활공작소] 귀로 즐기는 요즘요리, 로제 스파게티 ASMR",조회수 512회,2020. 8. 13.,댓글 0개,좋아요 5개,싫어요 없음
[햇반] 찾아가는 햇반 뮤지엄│햇반 쌀알이 패밀리와 함께하는 키즈 쿠킹클래스,조회수 905회,2020. 8. 12.,댓글 5개,좋아요 19개,싫어요 없음
[스팸] 스팸®브랜드 2020년_절대맛스팸_캠페인_추석선물세트,"조회수 2,301회",2020. 8. 12.,댓글 5개,좋아요 85개,싫어요 1개
"[CJ더키친 레시피] 이국적인 레시피, 베트남식 스팸 토마토밥 만들기",조회수 360회,2020. 8. 10.,댓글 1개,좋아요 2개,싫어요 없음
[CJ더키친 레시피] 가볍게 먹기 좋은 간단한 샐러드 파스타 만들기,조회수 375회,2020. 8. 10.,댓글 1개,좋아요 3개,싫어요 없음
[CJ더키친 레시피] 집에서 즐기는 치즈돈카츠 & 냉모밀 정식,조회수 129회,2020. 8. 10.,댓글 0개,좋아요 1개,싫어요 없음
[CJ더키친 레시피] 토마토 스파게티 소스로 초간단 지중해풍 샥슈카 에그인헬 만들기,조회수 615회,2020. 8. 10.,댓글 0개,좋아요 4개,싫어요 없음
[CJ더키친 레시피] 아이 간식 스트링 치즈 베이컨 감자말이 레시피,조회수 146회,2020. 8. 10.,댓글 0개,좋아요 없음,싫어요 없음
[CJ더키친 레시피] 여름 별미 음식 초계냉국수 맛있게 만드는 법,조회수 96회,2020. 8. 10.,댓글 1개,좋아요 없음,싫어요 없음
[CJ더키친 레시피] 맥주 안주로 제격! 양념치킨 타코 레시피,조회수 150회,2020. 8. 10.,댓글 0개,좋아요 2개,싫어요 없음
"[CJ더키친 레시피] 단짠단짠 맥주 안주 추천, 메이플 캔디드 베이컨 레시피",조회수 115회,2020. 8. 10.,댓글 0개,좋아요 1개,싫어요 1개
"[CJ더키친 레시피] 여름철 보양식 레시피, 너무 쉬운 부추무침 훈제오리 만드는 법",조회수 138회,2020. 8. 10.,댓글 0개,좋아요 2개,싫어요 없음
[햇반] 햇반 쌀알이패밀리 애니메이션 영상(햇반송 강하늘ver),"조회수 1,359회",2020. 8. 9.,댓글 7개,좋아요 38개,싫어요 없음
[COOKIT] 요섹남의 집콕 라이프스타일 #2 쿡킷 홈파티,조회수 480회,2020. 8. 3.,댓글 0개,좋아요 2개,싫어요 1개
[COOKIT] 요섹남의 집콕 라이프스타일 #1 쿡킷 라이프스타일,조회수 381회,2020. 8. 3.,댓글 0개,좋아요 없음,싫어요 1개
[CJ더키친] 랜선 쿠킹클래스 3탄. 박준우 셰프와 함께하는 햇반 특별한 여름밥상 Live 클래스,"조회수 1,231회",실시간 스트리밍 시작일: 2020. 7. 29.,댓글 2개,좋아요 42개,싫어요 2개
[미각갤러리] 넌 지금 치즈 돈까스가 먹고싶다│고메 바싹 튀겨낸 모짜렐라 돈카츠,조회수 526회,2020. 7. 30.,댓글 0개,좋아요 5개,싫어요 2개
[미각갤러리] 스트레스 제대로 뿌시는 법│비비고칩 타코와사비,조회수 211회,2020. 7. 30.,댓글 0개,좋아요 1개,싫어요 1개
"[미각갤러리] 여름 레전드 레시피 풉니다🍲│비비고 삼계탕, 녹두닭죽","조회수 1,141회",2020. 7. 30.,댓글 0개,좋아요 8개,싫어요 1개
"[CJ고메] 카츠맛집 그대로 집에서, go! 고메돈카츠_15s_(Full)","조회수 5,237,701회",2020. 7. 29.,댓글 67개,좋아요 180개,싫어요 33개
"[CJ고메] 카츠맛집 그대로 집에서, go! 고메돈카츠_6s_(Teaser)","조회수 1,990회",2020. 7. 29.,댓글 1개,좋아요 10개,싫어요 없음
"[CJ고메] 카츠맛집 그대로 집에서, go! 고메돈카츠_6s_(튀길필요없이,나갈필요없이)","조회수 2,618회",2020. 7. 29.,댓글 2개,좋아요 17개,싫어요 1개
[COOKIT] 쿡킷패밀리가 들려주는 리얼 후기,조회수 588회,2020. 7. 23.,댓글 0개,좋아요 2개,싫어요 없음
"[제일안주] 마음을 채우는 시간, 제일안주_디지털_15s'","조회수 5,398회",2020. 7. 22.,댓글 18개,좋아요 19개,싫어요 4개
"[제일안주] 마음을 채우는 시간, 제일안주_디지털_6s'","조회수 4,730회",2020. 7. 22.,댓글 10개,좋아요 10개,싫어요 1개
"[백설] Taste of original Korean pancake, Beksul Cup-jeon",조회수 741회,2020. 7. 14.,댓글 1개,좋아요 7개,싫어요 1개
[The더건강한] 화려한 채소가 고기를 감싸네~ The더건강한 채소&고기가득비엔나 Style,조회수 868회,2020. 7. 13.,댓글 2개,좋아요 13개,싫어요 없음
[스팸] 스팸®브랜드 2020년_15'_절대맛스팸_캠페인_쿠팡,"조회수 563,229회",2020. 7. 8.,댓글 1개,좋아요 23개,싫어요 1개
[스팸] 스팸®브랜드 2020년_15'_절대맛스팸_캠페인_11번가,"조회수 616,806회",2020. 7. 8.,댓글 0개,좋아요 16개,싫어요 1개
[스팸] 스팸®브랜드 2020년_15'_절대맛스팸_캠페인_CJ더마켓,"조회수 189,347회",2020. 7. 8.,댓글 0개,좋아요 17개,싫어요 없음
[스팸] 스팸®브랜드 2020년_6'_절대맛스팸_혼맥타임,"조회수 3,989회",2020. 7. 5.,댓글 12개,좋아요 87개,싫어요 1개
[스팸] 스팸®브랜드 2020년_6'_절대맛스팸_간식타임,"조회수 4,552회",2020. 7. 5.,댓글 7개,좋아요 77개,싫어요 없음
[스팸] 스팸®브랜드 2020년_15'_절대맛스팸_캠페인,"조회수 308,005회",2020. 7. 5.,댓글 37개,좋아요 195개,싫어요 5개
[스팸] 스팸®브랜드 2020년_6'_절대맛스팸_야식타임,"조회수 4,705회",2020. 7. 5.,댓글 6개,좋아요 88개,싫어요 3개
"[CJ리턴업 팻다운] 성유리의 건강한 다이어트, CJ리턴업 팻다운",조회수 503회,2020. 7. 2.,댓글 1개,좋아요 2개,싫어요 없음
[백설] 한컵으로 야식전수! 백설 컵전,"조회수 1,962회",2020. 7. 2.,댓글 7개,좋아요 20개,싫어요 1개
[백설] 백설 컵전 해물파전,"조회수 3,556회",2020. 6. 30.,댓글 1개,좋아요 11개,싫어요 2개
[백설] 백설 컵전 감자전,"조회수 1,818회",2020. 6. 30.,댓글 0개,좋아요 10개,싫어요 없음
[백설] 백설 컵전 김치전,"조회수 2,091회",2020. 6. 30.,댓글 1개,좋아요 13개,싫어요 없음
"[미각갤러리] 퇴근하고 홈술 안주각│제일안주 매콤알찜, 순살불닭",조회수 430회,2020. 6. 30.,댓글 0개,좋아요 7개,싫어요 없음
[미각갤러리] 수고했어 6월도! 나를 위한 든든한 설렁탕 한상│비비고 진국설렁탕,조회수 558회,2020. 6. 30.,댓글 1개,좋아요 10개,싫어요 없음
"[미각갤러리] 쫀득하고 길쭉한 밀 누들떡볶이│미정당 매콤까르보나라, 스팸 누들떡볶이",조회수 497회,2020. 6. 30.,댓글 1개,좋아요 7개,싫어요 없음
[CJ더키친 레시피] 상큼한 레몬청이 더해진 바질 레몬소스 파스타 레시피,조회수 377회,2020. 6. 23.,댓글 1개,좋아요 2개,싫어요 없음
"[CJ더키친 레시피] 미정당 누들떡볶이 2종 간식, 야식으로 더 맛있게 먹는법",조회수 409회,2020. 6. 23.,댓글 0개,좋아요 2개,싫어요 없음
"[CJ더키친 레시피] 아삭하고 고소한 죽순요리, 굴소스 비엔나스타일 죽순 볶음 덮밥",조회수 182회,2020. 6. 23.,댓글 0개,좋아요 1개,싫어요 1개
[CJ더키친 레시피] 아이 간식으로 최고! 떠먹는 떡피자 스파게티 소스만 있으면 뚝딱완성,조회수 228회,2020. 6. 23.,댓글 0개,좋아요 3개,싫어요 없음
[CJ더키친 레시피] 양배추롤 캐비지롤 쉽게 만드는 레시피,조회수 118회,2020. 6. 23.,댓글 0개,좋아요 없음,싫어요 없음
"[CJ더키친 레시피] 간단요리 레시피, 고메 순살 치킨 마요 비빔면",조회수 222회,2020. 6. 23.,댓글 1개,좋아요 2개,싫어요 없음
[햇반] 햇반 TVC 메이킹필름 (우주ver),"조회수 5,835회",2020. 6. 22.,댓글 8개,좋아요 115개,싫어요 4개
[햇반] 햇반 TVC 메이킹필름 (하늘ver),"조회수 2,505회",2020. 6. 22.,댓글 11개,좋아요 121개,싫어요 2개
[CJ 리턴업] 유리같이 맑은 눈 CJ리턴업 아이시안,조회수 318회,2020. 6. 22.,댓글 0개,좋아요 2개,싫어요 없음
[햇반] 햇반 잡곡밥 생활 6초 [보약]편,"조회수 4,832회",2020. 6. 18.,댓글 12개,좋아요 95개,싫어요 2개
[햇반] 햇반 잡곡밥 생활 6초 [운동]편,"조회수 3,749회",2020. 6. 18.,댓글 9개,좋아요 90개,싫어요 2개
[햇반] 햇반 잡곡밥 생활 6초 [회사원]편,"조회수 3,875회",2020. 6. 18.,댓글 7개,좋아요 90개,싫어요 2개
[햇반] 햇반 잡곡밥생활 TVC'잡곡밥편' ON-AIR,"조회수 2,271,448회",2020. 6. 18.,댓글 23개,좋아요 306개,싫어요 14개
[햇반] 햇반 잡곡밥생활 TVC teaser,"조회수 27,496회",2020. 6. 11.,댓글 25개,좋아요 360개,싫어요 3개
(NEW)🔥매운 만두계를 뒤집어 놓으셨다!🔥 이글이글 불꽃왕교자 출시! 한화이글스 팬들 먹을 준비됐나? / CJ제일제당,"조회수 236,536회",2020. 6. 9.,댓글 45개,좋아요 46개,싫어요 1개
(NEW)🔥매운 만두계를 뒤집어 놓으셨다!🔥 이글이글 불꽃왕교자 출시! 한화이글스 팬들 먹을 준비됐나? / CJ제일제당,조회수 980회,2020. 6. 9.,댓글 18개,좋아요 21개,싫어요 4개
[CJ리턴업] 성유리의 똑똑한 다이어트 CJ리턴업 팻다운,"조회수 153,701회",2020. 6. 3.,댓글 1개,좋아요 15개,싫어요 없음
"[CJ리턴업] 피부장인 성유리의 꿀피부 비결, CJ 이너비",조회수 528회,2020. 6. 1.,댓글 0개,좋아요 10개,싫어요 1개
"[미각갤러리] 우리 아이 반찬 식단│햇반 유기농쌀밥, 비비고 부드러운 어린이김, 비비고 우리아이한입 썰은김치/백김치, The더건강한 채소&고기 가득비엔나Style",조회수 574회,2020. 5. 29.,댓글 0개,좋아요 6개,싫어요 2개
"[미각갤러리] 홈술🍶과 어울리는 매콤한 야식│제일안주 불돼지껍데기, 소양불막창",조회수 741회,2020. 5. 29.,댓글 0개,좋아요 4개,싫어요 1개
"[미각갤러리] 냉면🍜엔 뭐다? 평양만두🥟다! 꿀조합 추천│비비고 평양만두, CJ 동치미물냉면",조회수 452회,2020. 5. 29.,댓글 0개,좋아요 7개,싫어요 없음
"[CJ더키친 레시피] 낙지 호롱과 전복구이로 불낙죽, 삼선해물죽 더 맛있게 먹는 법",조회수 261회,2020. 5. 26.,댓글 0개,좋아요 없음,싫어요 없음
"[CJ더키친 레시피] 맥주 안주 레시피, 매쉬드 포테이토 그레이비 소시지",조회수 281회,2020. 5. 26.,댓글 0개,좋아요 없음,싫어요 없음
[CJ더키친 레시피] 담백 바삭 닭가슴살 크로켓 만들기 (croquette recipe),조회수 212회,2020. 5. 26.,댓글 0개,좋아요 1개,싫어요 없음
[CJ더키친 레시피] 혼술안주로 딱! 돼지불고기 양념 떡볶이 레시피,조회수 460회,2020. 5. 26.,댓글 1개,좋아요 3개,싫어요 없음
"[CJ더키친 레시피] 비빔면 맛있게 먹는 조합, 통삼겹 스테이크와 버터 군만두",조회수 230회,2020. 5. 26.,댓글 0개,좋아요 4개,싫어요 없음
"[CJ더키친 레시피] 햇반과 토마토 미트볼 활용 간단 요리 레시피, 미트볼 밥꼬치 한 상",조회수 194회,2020. 5. 26.,댓글 0개,좋아요 1개,싫어요 없음
"[햇반] 쌀알이 패밀리, 이제 시작합니다.","조회수 1,164회",2020. 5. 19.,댓글 1개,좋아요 21개,싫어요 1개
[CJ더키친 레시피] 봄제철 돌나물 활용 입맛 살리는 비빔국수 레시피,조회수 515회,2020. 5. 6.,댓글 0개,좋아요 2개,싫어요 없음
[CJ더키친 레시피] 한라봉 소스와 고메 순살 크리스피 치킨으로 달콤하고 산뜻한 치킨 만들어요,조회수 893회,2020. 5. 6.,댓글 0개,좋아요 5개,싫어요 없음
[CJ더키친 레시피] 홈피크닉 감성 초간단 크로와상 샌드위치 만들기,"조회수 1,152회",2020. 5. 6.,댓글 0개,좋아요 12개,싫어요 없음
[CJ더키친 레시피] 영양만점 간식 레시피 달고나 라떼 & 배도라지청 호두강정,조회수 201회,2020. 5. 6.,댓글 0개,좋아요 3개,싫어요 없음
[CJ더키친] 랜선 쿠킹클래스 2탄. 홈피크닉 캐릭터 도시락 클래스,"조회수 1,231회",최초 공개: 2020. 5. 3.,댓글 8개,좋아요 33개,싫어요 없음
[미각갤러리] 얼큰시원한 찌개 국물이 땡기는 날엔│비비고 동태탕,조회수 509회,2020. 4. 29.,댓글 0개,좋아요 6개,싫어요 없음
[미각갤러리] 집에서 간편하게 밀키트로 짜장면 만들기│고메 중화짜장,조회수 774회,2020. 4. 29.,댓글 1개,좋아요 4개,싫어요 없음
[미각갤러리] 집콕할 땐 치킨 콕콕! 랜선치킨파티닭🍗 │ 고메 순살크리스피 치킨,"조회수 1,088회",2020. 4. 29.,댓글 0개,좋아요 21개,싫어요 3개
"[CJ리턴업] 유리같이 맑은 눈, CJ리턴업 아이시안",조회수 960회,2020. 4. 28.,댓글 2개,좋아요 8개,싫어요 1개
"[BYO] 생존유산균, CJ BYO 유산균","조회수 1,758회",2020. 4. 27.,댓글 1개,좋아요 7개,싫어요 없음
CJ가 모두의 일상을 응원합니다,조회수 516회,2020. 4. 23.,댓글 1개,좋아요 12개,싫어요 없음
[CJ더키친] 랜선 쿠킹클래스 1탄. CJ고메 X 코렐 홈레스토랑 Live 클래스,"조회수 3,043회",실시간 스트리밍 시작일: 2020. 4. 21.,댓글 5개,좋아요 94개,싫어요 3개
"[CJ 리턴업] 성유리가 만난 건강터닝포인트, CJ리턴업","조회수 297,510회",2020. 4. 21.,댓글 5개,좋아요 22개,싫어요 없음
"[백설] ""내요리의 치트키"" 백설 햄스빌 베이컨",조회수 794회,2020. 4. 13.,댓글 0개,좋아요 5개,싫어요 없음
"[CJ BYO 유산균 TVCF] 딱 지금 필요한 선택, BYO 유산균 X 위메프","조회수 1,979회",2020. 4. 9.,댓글 1개,좋아요 4개,싫어요 3개
[CJ더키친 레시피] 파김치 활용 비빔면 맛있게 만들기 / 봄 별미요리,조회수 399회,2020. 4. 8.,댓글 1개,좋아요 1개,싫어요 없음
"[CJ더키친 레시피] 채끝살 없을 땐, 조리하기 간편한 통목살 짜파게티 / 자취요리, 간단요리",조회수 156회,2020. 4. 8.,댓글 0개,좋아요 1개,싫어요 없음
[CJ더키친 레시피] 비엔나 김밥으로 홈피크닉 도시락 만들기 / Gimbap / Kimbap,조회수 369회,2020. 4. 8.,댓글 0개,좋아요 4개,싫어요 없음
"[CJ더키친 레시피] 편의점 꿀조합 레시피, 미정당 어묵 떡볶이 & 맥스봉 직화구이 꼬치바로 즐겨요",조회수 448회,2020. 4. 8.,댓글 1개,좋아요 4개,싫어요 없음
[햇반] 햇반 서포터즈 햇쌀 1기를 시작합니다,조회수 376회,2020. 4. 8.,댓글 1개,좋아요 2개,싫어요 없음
[미각갤러리] NO냄새 NO연기 자취생맞춤 생선구이 한상│비비고 생선구이,조회수 687회,2020. 3. 31.,댓글 1개,좋아요 4개,싫어요 1개
[미각갤러리] 이거 하나면 우리 아이 밥 한 그릇 뚝딱!│비비고 부드러운 어린이김,"조회수 1,138회",2020. 3. 31.,댓글 1개,좋아요 18개,싫어요 2개
[미각갤러리] 삼겹살 2배 더 맛있게 먹는 방법🥓 │ 해찬들 사계절쌈장,"조회수 51,928회",2020. 3. 31.,댓글 18개,좋아요 653개,싫어요 45개
[햇반] 강하늘이 전하는 햇반을 안심하고 먹어도 되는 이유,"조회수 3,044회",2020. 3. 22.,댓글 6개,좋아요 61개,싫어요 1개
[미정당] 여기가 국물떡볶이 맛집! 집에서 간편하게 만들어 먹는 즐거운 동행 미정당 국물떡볶이,조회수 740회,2020. 3. 22.,댓글 0개,좋아요 6개,싫어요 1개
"[CJ더키친 레시피] 아이들이 좋아하는 간편한 아침 메뉴, 직화구이햄 이 들어간 치즈 밥버거 만들어봐요",조회수 357회,2020. 3. 19.,댓글 0개,좋아요 1개,싫어요 없음
"[CJ더키친 레시피] 퓨전 리조또 레시피! 햇반과 비비고 고등어구이로 집들이 음식, 손님초대음식 준비하기",조회수 834회,2020. 3. 19.,댓글 1개,좋아요 3개,싫어요 없음
"[CJ더키친 레시피] 손쉽게 따라하는 자몽청 담그는 법, grapefruit tea recipe",조회수 227회,2020. 3. 19.,댓글 1개,좋아요 2개,싫어요 없음
[CJ더키친 레시피] 전자레인지로 뚝딱 완성! 혼맥 안주 그릴비엔나 인 헬 만드는법,조회수 390회,2020. 3. 19.,댓글 0개,좋아요 7개,싫어요 없음
"[CJ더키친 레시피] 간단한 아이반찬, 베이컨말이 주먹밥 만들기","조회수 1,133회",2020. 3. 19.,댓글 0개,좋아요 8개,싫어요 없음
"[CJ더키친 레시피] 산뜻한 봄을 닮은 샐러드 레시피, 오리구이 샐러드 & 크루통 샐러드",조회수 170회,2020. 3. 19.,댓글 0개,좋아요 2개,싫어요 없음
[햇반] 햇반 팩트체크_햇반용기의 비밀_햇반유통기한의 비밀,"조회수 1,848회",2020. 3. 12.,댓글 1개,좋아요 9개,싫어요 1개
"[비비고] 연기냄새없이 1분완성, 이게바로 요즘생선!","조회수 1,165회",2020. 3. 10.,댓글 1개,좋아요 9개,싫어요 1개
"[CJ더키친 레시피] 혼맥 안주 추천, 비비고 만두와 맥스봉 후랑크로 맛있는 콘치즈 만들기",조회수 452회,2020. 2. 28.,댓글 1개,좋아요 5개,싫어요 없음
"[CJ더키친 레시피] 몸에 좋은 건강 요리, 에어프라이어 채소 구이 레시피",조회수 774회,2020. 2. 28.,댓글 0개,좋아요 7개,싫어요 없음
"[CJ더키친 레시피] 얼른한 알탕 끓이는 법, 뜨끈한 알탕 전골 레시피 따라해봐요",조회수 266회,2020. 2. 28.,댓글 0개,좋아요 1개,싫어요 없음
"[CJ더키친 레시피] 집에서 간단하게 먹을 수 있는 마라샹궈 만들기, 주먹밥 맛있게 먹는 레시피",조회수 341회,2020. 2. 28.,댓글 0개,좋아요 1개,싫어요 없음
[미각갤러리] 겨울 홈카페에 딱! 상큼달큼 레몬청│백설 리얼 레몬청,조회수 551회,2020. 2. 27.,댓글 0개,좋아요 2개,싫어요 없음
"[미각갤러리] 빠져들 수밖에 없는 환상의 조합 │사천 마라탕면, 비비고 주먹밥 불고기",조회수 812회,2020. 2. 27.,댓글 0개,좋아요 24개,싫어요 없음
"[미각갤러리] 보글보글 어른의 겨울맛│비비고 알탕, 햇반 매일잡곡밥, 비비고 김치","조회수 1,379회",2020. 2. 27.,댓글 0개,좋아요 13개,싫어요 3개
[스팸] 스팸® 깻잎전,"조회수 166,216회",2020. 2. 26.,댓글 5개,좋아요 741개,싫어요 170개
[스팸] 스팸®맛탕,"조회수 2,387회",2020. 2. 26.,댓글 1개,좋아요 32개,싫어요 2개
[스팸] 스팸®동,조회수 684회,2020. 2. 26.,댓글 0개,좋아요 6개,싫어요 없음
[햇반] 2020년 햇반 모델 강하늘 인터뷰,"조회수 12,434회",2020. 2. 19.,댓글 62개,좋아요 547개,싫어요 2개
"[CJ더키친 레시피] 명절 나물 활용법, 따라하기 쉬운 파기름 파스타 만들기",조회수 342회,2020. 2. 13.,댓글 6개,좋아요 2개,싫어요 1개
"[CJ더키친 레시피] 겨울 간편 간식, 김치볶음 활용한 후랑크 부리또 만들기",조회수 207회,2020. 2. 13.,댓글 0개,좋아요 2개,싫어요 없음
"[CJ더키친 레시피]노오븐 베이킹, 백설 레몬청으로 뚝딱 레몬파이무스와 레몬티 만들기",조회수 386회,2020. 2. 13.,댓글 0개,좋아요 5개,싫어요 없음
"[CJ더키친 레시피] 삼겹살 에어프라이어 레시피, 발렌타인 스테이크 만들기",조회수 422회,2020. 2. 13.,댓글 0개,좋아요 2개,싫어요 없음
"[CJ더키친 레시피] 초간단 홈브런치 만들기, 오픈 샌드위치 레시피",조회수 232회,2020. 2. 13.,댓글 0개,좋아요 3개,싫어요 없음
"[CJ더키친 레시피] 만두 활용 요리, 비비고 새우왕교자에 레몬크림소스를 더한 레시피",조회수 270회,2020. 2. 13.,댓글 0개,좋아요 없음,싫어요 없음
[미각갤러리] 치즈 쭉쭉 늘어나는 감자핫도그│고메 포테이토 치즈 핫도그,조회수 584회,2020. 1. 30.,댓글 0개,좋아요 없음,싫어요 없음
[미각갤러리] 노릇노릇 구운 스팸에 햇반│스팸,조회수 614회,2020. 1. 30.,댓글 1개,좋아요 3개,싫어요 1개
[미각갤러리] 지글지글 두툼한 떡갈비│비비고 남도 떡갈비,조회수 894회,2020. 1. 30.,댓글 0개,좋아요 15개,싫어요 1개
"[CJ더키친 레시피] 설 명절준비, 무나물 소갈비찜 & 해물파전 만들기",조회수 332회,2020. 1. 27.,댓글 0개,좋아요 없음,싫어요 없음
"[CJ더키친 레시피] 초간단 설 명절요리, 1인 명절밥상 만들기",조회수 907회,2020. 1. 27.,댓글 0개,좋아요 7개,싫어요 2개
[CJ더키친 레시피] 고소한 풍미와 식감 가득한 베이컨 김치전 만들기,조회수 319회,2020. 1. 27.,댓글 0개,좋아요 없음,싫어요 없음
"[CJ더키친 레시피] 설 명절요리, 스팸 선물세트 활용 스팸 채소 밀전병 만들기",조회수 222회,2020. 1. 27.,댓글 0개,좋아요 4개,싫어요 없음
"[CJ더키친 레시피] 설 명절 돼지갈비찜 & 동태전, 명절요리 잡내, 비린내 잡는 법",조회수 245회,2020. 1. 27.,댓글 0개,좋아요 2개,싫어요 없음
"[CJ더키친 레시피] 한 해 건강 기원, 전복 미역 들깨 버섯죽 만들기",조회수 274회,2020. 1. 27.,댓글 0개,좋아요 1개,싫어요 없음
"[CJ리턴업] CJ제일제당 NEW 건강브랜드, 리턴업","조회수 1,713회",2020. 1. 8.,댓글 0개,좋아요 12개,싫어요 1개
[푸드엔터] 고메~리 크리스마스 | 고메 | 함박스테이크 | 하프피자 | 베이컨포테이토 | 스윗허니 | CJ제일제당,조회수 546회,2020. 1. 5.,댓글 0개,좋아요 2개,싫어요 없음
[푸드엔터] 비비고| 비비고모둠잡채 | 잡채5분컷 | bibigo | Japchae | Korean Glass Noodle Stir Fry | CJ제일제당,"조회수 160,854회",2020. 1. 3.,댓글 17개,좋아요 25개,싫어요 3개
[키친다이어리] 2019 키친다이어리 마무리 영상 I 키다 새해 인사,조회수 316회,2020. 1. 1.,댓글 0개,좋아요 1개,싫어요 없음
[키친다이어리] 겨울 별미 분식 한 상 I 분식 맛집 I 얼큰 특 칼국수 I 불고기 주먹밥 I 김치치즈 볶음밥 주먹밥,조회수 339회,2019. 12. 30.,댓글 0개,좋아요 1개,싫어요 1개
[키친다이어리] 든든한 새해 한상차림 | 햇반컵반 | hetbahn | 비비고| bibigo| 잔칫집모둠잡채 | 삼치구이 | 깻잎김치 | 콩나물해장국밥 | CJ제일제당,조회수 278회,2019. 12. 30.,댓글 0개,좋아요 2개,싫어요 없음
[키친다이어리] 새해 떡만둣국 만들기 | 비비고 | 비비고왕교자 | bibigo | dumpling | 만두 | 만둣국 | 깻잎김치 | CJ제일제당,조회수 219회,2019. 12. 29.,댓글 0개,좋아요 1개,싫어요 없음
[푸드엔터] 비비고| 2020년 새해맞이 나를 위한 식사 vlog | 비비고왕교자 | bibigo | dumpling | 삼치구이 | 햇반컵반 | 콩나물해장국밥 | CJ제일제당,"조회수 83,208회",2019. 12. 29.,댓글 0개,좋아요 5개,싫어요 없음
[푸드엔터] 분식덕후 최강 야식 조합 | 비비고 | 분식집 | 야식 | CJ제일제당,조회수 240회,2019. 12. 22.,댓글 0개,좋아요 2개,싫어요 없음
[푸드엔터] 고메 빵집 OPEN! | 고메 | 빵집 | 고메베이커리 | CJ제일제당,조회수 557회,2019. 12. 22.,댓글 0개,좋아요 3개,싫어요 없음
[스팸] 스팸® 탐구생활 #3 스팸핫&스파이시,"조회수 1,073회",2019. 12. 19.,댓글 1개,좋아요 4개,싫어요 없음
[스팸] 스팸® 탐구생활 #1 스팸마라,조회수 988회,2019. 12. 17.,댓글 0개,좋아요 6개,싫어요 1개
[스팸] 스팸® 탐구생활 #2 스팸리치치즈,조회수 675회,2019. 12. 17.,댓글 0개,좋아요 1개,싫어요 1개
[키친다이어리] 홈파티 스팸 무스비 I 크리스마스 연말모임 홈파티 레시피 I 캐릭터 무스비 만들기 I 푸드아트,조회수 312회,2019. 12. 15.,NaN,좋아요 3개,싫어요 없음
[키친다이어리] 데일리키친 I 키다 x 해그린달 I 비비고 수제만둣집 맛 만두 I 김치만두 고기만두 I 명이말이 만두쌈 I 백김치 만두쌈,조회수 437회,2019. 12. 13.,NaN,좋아요 5개,싫어요 없음
[키친다이어리] 제일 맛있는 책방 책맥 한 끼 I 콘치즈 누룽지 치킨 I 맛있는 책방 I 간편 한상차림,조회수 233회,2019. 12. 10.,NaN,좋아요 4개,싫어요 없음
[키친다이어리] 스팸 마라 멘보샤 I 고메 짬뽕 I 마라레시피 I 겨울철 별미 I 에어프라이어 요리,조회수 346회,2019. 12. 10.,NaN,좋아요 2개,싫어요 없음
[푸드엔터] CJ더마켓에 서점이 떴다 | 팝업스토어 | 비비고 | 햇반 | CJ고메 | 백설 | CJ제일제당,조회수 306회,2019. 12. 5.,댓글 0개,좋아요 2개,싫어요 없음
[푸드엔터] 포차 감성 안주 어.묵.국 | 삼호어묵 | 어묵국 | 포장마차 | CJ제일제당,조회수 219회,2019. 12. 5.,댓글 0개,좋아요 1개,싫어요 없음
[푸드엔터] CJ고메 | 친구들이랑 홈파티 vlog | 고메치킨박스 | chicken | 스윗허니 | 로스트 | 함박스테이크 | 머쉬룸어니언수프 | 고메 | CJ제일제당,조회수 583회,2019. 12. 4.,댓글 1개,좋아요 2개,싫어요 없음
[키친다이어리] 데일리키친 I 키다 x 해그린달 I 시그니처우동 I 유부초밥 I 한끼밥상,조회수 471회,2019. 11. 27.,댓글 0개,좋아요 3개,싫어요 1개
[푸드엔터] 감바스 알아히요? JUST ONE 10 MINUTE | Gambas al ajillo | 스페인요리 | 집들이 | 쿡킷 | COOKIT | CJ제일제당,"조회수 108,283회",2019. 11. 17.,댓글 0개,좋아요 4개,싫어요 없음
[키친다이어리] 동태탕 영양 밥상 I 무밥 만들기 I 얼큰한 국물요리 I 간편 한상차림,조회수 547회,2019. 11. 12.,댓글 0개,좋아요 3개,싫어요 없음
[햇반] 햇반의 비밀_무보존료 편,"조회수 1,084회",2019. 11. 6.,댓글 1개,좋아요 3개,싫어요 2개
[키친다이어리] 쿡킷 감바스 알아히요 I 셰프의 요리키트 I 간편 새우요리 I 스페인 요리 I 간단 레시피,"조회수 11,235회",2019. 11. 5.,댓글 1개,좋아요 3개,싫어요 없음
[키친다이어리] 키다 크리에이터 클래스 5차 I 푸드 아트 클래스 I 푸드 아티스트 꼬야 I 할로윈 피자 치즈볼,조회수 208회,2019. 11. 4.,댓글 0개,좋아요 3개,싫어요 1개
[키친다이어리] 데일리키친 I 키다 x 해그린달 I 치킨 페스츄리 베이크 I 치즈볼 I 홈브런치,조회수 384회,2019. 11. 4.,댓글 0개,좋아요 6개,싫어요 없음
[키친다이어리] 할로윈 페스츄리 브런치 I 불고기 페스츄리 베이크 I 치킨 페스츄리 베이크 I 할로윈 브런치 I 홈브런치,조회수 246회,2019. 11. 4.,댓글 0개,좋아요 3개,싫어요 없음
[푸드엔터] 우아한 브런치 | 고메 | 불고기페스츄리베이크 | 베이크 | 치킨페스츄리베이크 | Brunch | Pastry | CJ제일제당,조회수 264회,2019. 11. 1.,댓글 0개,좋아요 1개,싫어요 1개
[푸드엔터] 뜨끈한 면요리 3대장 | Noodle soup | 칼국수 | 짬뽕 | 마라탕면 | 겨울 | 국물요리 | 비비고 | CJ제일제당,조회수 333회,2019. 11. 1.,댓글 0개,좋아요 5개,싫어요 1개
[COOKIT] 쿡킷 이렇게 만듭니다,"조회수 1,942회",2019. 10. 29.,댓글 0개,좋아요 2개,싫어요 없음
[푸드엔터] 비비고 군교자 | 비비고 해물파전 군교자 | 한섬만두 | Dumpling | 다다푸드 | 비비고 | CJ제일제당,"조회수 59,538회",2019. 10. 23.,댓글 3개,좋아요 13개,싫어요 8개
[키친다이어리] 고메 할로윈 데코법 I 할로윈 푸드 아트 I 할로윈 캐릭터 만들기 I 푸드 아티스트 꼬야,조회수 410회,2019. 10. 22.,댓글 0개,좋아요 6개,싫어요 없음
[푸드엔터] 삼시세끼 자취생편 | 소고기장조림 | 소고기꽈리고추장조림 | 오징어채볶음 | 무말랭이무침 | Koreansidedish | 비비고 | CJ제일제당,"조회수 1,383회",2019. 10. 22.,댓글 0개,좋아요 11개,싫어요 1개
[푸드엔터] CJ더마켓에 제주도가 떴다 | 한라산볶음밥 | 하르방떡볶이 | cjthemarket | 제주팝업스토어 | thecjcup | 비비고 | CJ제일제당,조회수 213회,2019. 10. 22.,댓글 0개,좋아요 1개,싫어요 없음
[키친다이어리] 풀영상 I 키다 크리에이터 클래스 5차 I 푸드아트 클래스 I 꼬야 이연화 I 크리에이터 모집 I 할로윈 푸드 아트,조회수 366회,2019. 10. 17.,댓글 0개,좋아요 8개,싫어요 없음
"[BYO 유산균] 생존유산균, CJ BYO유산균","조회수 9,206회",2019. 10. 17.,댓글 1개,좋아요 6개,싫어요 없음
[키친다이어리] 하이라이트 I 키다 크리에이터 클래스 5차 I 푸드아트 클래스 I 꼬야 이연화 I 크리에이터 모집 I 할로윈 푸드 아트,조회수 250회,2019. 10. 17.,댓글 0개,좋아요 5개,싫어요 없음
[키친다이어리] 전복 갈비탕 제주 한 상 I 시래기 고등어조림 I 무말랭이무침 I 영양가득 간편 상차림,조회수 340회,2019. 10. 15.,댓글 0개,좋아요 3개,싫어요 없음
[키친다이어리] 아삭아삭 배 무침 군교자 I 만두 요리 I 군만두 I 간편 안주 레시피,조회수 324회,2019. 10. 15.,댓글 1개,좋아요 4개,싫어요 없음
[키친다이어리] 키다 크리에이터 클래스 4차 I 요리 유튜버 클래스 I 초의 데일리쿡 I 제주를비비다 I 한라산볶음밥,조회수 656회,2019. 10. 7.,댓글 2개,좋아요 8개,싫어요 2개
