﻿title_list,view,upload_date,comment,likes_num,unlikes_num
물타지 않은 앰플_15초,"조회수 153,877회",2020. 9. 22.,댓글 0개,좋아요 없음,싫어요 없음
물타지 않은 앰플,"조회수 259,894회",2020. 9. 22.,댓글 0개,좋아요 4개,싫어요 없음
물타지 않은 앰플_6초,조회수 55회,2020. 9. 22.,댓글 0개,좋아요 없음,싫어요 없음
[비욘드] 트레일러너 오세진의 포레스토리,조회수 244회,2020. 9. 16.,댓글 0개,좋아요 9개,싫어요 없음
[테크 특유취] 각종 옷냄새의 비밀 - 테크 호르몬으로 인한 특유취 제거 세탁세제,조회수 290회,2020. 9. 13.,댓글 0개,좋아요 2개,싫어요 없음
[오휘] 더 퍼스트 제너츄어 심-마이크로 에센스,"조회수 350,759회",2020. 9. 8.,댓글 2개,좋아요 19개,싫어요 2개
[오휘] 프라임 어드밴서 앰플 세럼 타이드 리본 에디션,"조회수 368,937회",2020. 8. 30.,댓글 0개,좋아요 16개,싫어요 2개
베비언스 우리 아이 건강지킴! (킨더밀쉬홍삼&우리아이워터 유산균),조회수 573회,2020. 8. 27.,댓글 0개,좋아요 2개,싫어요 1개
[후] 예헌보,조회수 262회,2020. 8. 26.,댓글 0개,좋아요 3개,싫어요 없음
[후] 천기단,조회수 490회,2020. 8. 20.,댓글 0개,좋아요 7개,싫어요 없음
[후] 천기단 화현 일루미네이팅,조회수 468회,2020. 8. 20.,댓글 0개,좋아요 4개,싫어요 없음
[후] 공진향;미 벨벳 메이크업,조회수 214회,2020. 8. 19.,댓글 0개,좋아요 4개,싫어요 1개
[후] 천율단,조회수 264회,2020. 8. 19.,댓글 1개,좋아요 5개,싫어요 없음
190807 whoo kor 최종,조회수 253회,2020. 8. 17.,댓글 0개,좋아요 1개,싫어요 1개
#후 공진향미 럭셔리 립루즈,조회수 396회,2020. 8. 17.,댓글 1개,좋아요 5개,싫어요 없음
짜릿한 사이다에서 과일맛이 난다 Sunkist 과일사이다,"조회수 5,889,953회",2020. 7. 27.,"댓글 1,051개","좋아요 2,424개",싫어요 407개
[테크] 초강력 항균세탁으로 얼룩과 냄새까지 싹!_online,조회수 650회,2020. 6. 29.,댓글 1개,좋아요 7개,싫어요 1개
"[케어존] 중독성 끝판왕 ""일!이!삼! 3초 샤워세럼""","조회수 919,105회",2020. 6. 29.,댓글 0개,좋아요 18개,싫어요 1개
"[케어존] 중독성 끝판왕 ""일!이!삼! 3초 샤워세럼""","조회수 1,727회",2020. 6. 29.,댓글 2개,좋아요 25개,싫어요 1개
[NEW] 오휘 얼티밋 커버 스틱 파운데이션,"조회수 1,141회",2020. 6. 23.,댓글 0개,좋아요 11개,싫어요 없음
닥터그루트 마이크로바이옴 ★재구매율 1위★,"조회수 1,675회",2020. 6. 10.,댓글 4개,좋아요 77개,싫어요 없음
[케어존] 뷰튜버 쩡유 PICK! 아이스 쿨링 선스틱,"조회수 1,075회",2020. 6. 1.,댓글 2개,좋아요 6개,싫어요 없음
[후] 비첩 순환 에센스_Special Edition,조회수 543회,2020. 5. 28.,댓글 0개,좋아요 10개,싫어요 없음
[테크] 초강력 항균세탁으로 얼룩과 냄새까지 싹!,조회수 798회,2020. 5. 17.,댓글 1개,좋아요 5개,싫어요 1개
[테크] 초강력 항균세탁으로 얼룩과 냄새까지 싹!,조회수 739회,2020. 5. 17.,댓글 0개,좋아요 9개,싫어요 없음
[테크] 초강력 항균세탁으로 얼룩과 냄새까지 싹!,조회수 460회,2020. 5. 17.,댓글 0개,좋아요 5개,싫어요 2개
[테크] 초강력 항균세탁으로 얼룩과 냄새까지 싹!,"조회수 3,583회",2020. 5. 17.,댓글 0개,좋아요 9개,싫어요 3개
[LIMITED] 오휘 얼티밋 커버 쿠션 모이스처 플라워 가든 에디션,"조회수 1,733회",2020. 4. 29.,댓글 0개,좋아요 14개,싫어요 없음
NEW 오휘 더 퍼스트 제너츄어 심-마이크로 에센스,"조회수 775,915회",2020. 4. 27.,댓글 6개,좋아요 58개,싫어요 없음
"[숨37] ""처음부터 숨으로. 제대로"" 시크릿 에센스 & 숨마 에센스","조회수 573,699회",2020. 4. 8.,댓글 9개,NaN,NaN
[샤프란 아우라] 섬유유연제 향기의 비밀-미세플라스틱 향기캡슐 없는 샤프란 아우라,"조회수 1,984회",2020. 4. 8.,댓글 7개,좋아요 26개,싫어요 3개
전지현 엘라스틴 프로폴리테라 샴푸 TVC,"조회수 3,589회",2020. 4. 6.,댓글 4개,좋아요 36개,싫어요 없음
[베비언스] 핸드워시로 올바른 손씻기 습관 만들기!,조회수 722회,2020. 4. 6.,댓글 0개,좋아요 6개,싫어요 1개
[샤프란 아우라X펭수] 이제 펭수의 샤프란 아우라가 온다_메이킹필름,"조회수 189,184회",2020. 4. 2.,댓글 897개,"좋아요 9,667개",싫어요 63개
[베비언스]핑크퐁 무기자차 선케어,조회수 955회,2020. 4. 1.,댓글 0개,좋아요 8개,싫어요 없음
[샤프란 아우라X펭수] 이제 펭수의 샤프란 아우라가 온다_명탐정 펭수편,"조회수 1,330,788회",2020. 4. 1.,댓글 446개,"좋아요 5,095개",싫어요 12개
[샤프란 아우라X펭수] 이제 펭수의 샤프란 아우라가 온다_순간이동 펭수편,"조회수 47,576회",2020. 4. 1.,댓글 185개,"좋아요 3,226개",싫어요 14개
[샤프란 아우라X펭수] 이제 펭수의 샤프란 아우라가 온다,"조회수 844,115회",2020. 3. 26.,댓글 464개,"좋아요 4,354개",싫어요 27개
[케어존] 블랙헤드를 칫솔..아니 콧.솔.로 제거한다구???,"조회수 2,113회",2020. 3. 20.,댓글 1개,좋아요 4개,싫어요 1개
[후] 천기단 화현 아이세럼,"조회수 3,205회",2020. 3. 12.,댓글 1개,좋아요 26개,싫어요 1개
[SUM37] 전지현 스틸촬영 Behind The Scene 영상,"조회수 3,906회",2020. 3. 8.,댓글 9개,좋아요 53개,싫어요 2개
"[케어존X김동희] #복숭아토너패드 ""나랑 복숭아 할래?""","조회수 787,118회",2020. 3. 1.,댓글 76개,좋아요 476개,싫어요 5개
[아우라X펭수] 떤배님들~ 아우라와 꼴라보레이션 섬유유연제가 나와뜹니다↗!,"조회수 10,000회",2020. 2. 9.,댓글 23개,좋아요 516개,싫어요 2개
피로회복제 구론산인지! 원산지를 확인하세요 장편,"조회수 220,963회",2020. 1. 28.,댓글 52개,좋아요 122개,싫어요 8개
피로회복제 구론산인지! 원산지를 확인하세요 2편,"조회수 3,252,522회",2020. 1. 28.,댓글 2개,좋아요 25개,싫어요 1개
피로회복제 구론산인지! 원산지를 확인하세요 1편,"조회수 3,276,880회",2020. 1. 28.,댓글 6개,좋아요 25개,싫어요 4개
피로회복제 구론산인지! 원산지를 확인하세요 3편,"조회수 254,978회",2020. 1. 28.,댓글 0개,좋아요 14개,싫어요 5개
더히스토리오브후 로얄 홀리데이,"조회수 94,977회",2019. 12. 17.,댓글 1개,좋아요 21개,싫어요 1개
럭셔리 로얄홀리데이,"조회수 69,130회",2019. 12. 17.,댓글 0개,좋아요 12개,싫어요 1개
[숨37] DEEP CHANGE 로시크숨마 메이크업 X 아옳이,"조회수 755,056회",2019. 12. 11.,댓글 0개,좋아요 3개,싫어요 없음
수려한 효비담 레드바이옴 에센스 & 발효크림,"조회수 3,108,367회",2019. 12. 10.,댓글 9개,좋아요 50개,싫어요 2개
더 히스토리 오브 후: 공진향 미 궁중팩트,"조회수 294,534회",2019. 12. 3.,댓글 2개,좋아요 21개,싫어요 없음
[비욘드X데일리라이크] 2019 홀리데이 에디션★,"조회수 75,661회",2019. 11. 24.,댓글 1개,좋아요 2개,싫어요 1개
[숨37] DEEP CHANGE 시크릿 에센스 X 다영,"조회수 1,167회",2019. 11. 7.,댓글 0개,좋아요 6개,싫어요 1개
[숨37] DEEP CHANGE 시크릿 에센스 X 리안,"조회수 82,248회",2019. 10. 28.,댓글 0개,좋아요 4개,싫어요 없음
성장기 우리 아이 영양밸런스 UP! 베비언스 킨더밀쉬,"조회수 4,187회",2019. 10. 28.,NaN,좋아요 없음,싫어요 없음
[숨37] DEEP CHANGE 숨마 에센스 X 민가든,"조회수 270,182회",2019. 10. 27.,댓글 0개,좋아요 8개,싫어요 없음
[숨37] DEEP CHANGE 워터풀 워터젤 크림 X 뷰티파이미,"조회수 265,897회",2019. 10. 23.,댓글 0개,좋아요 3개,싫어요 없음
[이자녹스] 김희선도 놀란 30시간 지속 안티에이징♥ 더블이펙트 아이포올 크림,"조회수 1,766회",2019. 10. 15.,댓글 0개,좋아요 9개,싫어요 1개
"섬유유연제 속 미세플라스틱, 알고 계셨나요? 미세플라스틱 없는 섬유유연제, 샤프란 아우라 TVCF","조회수 6,567,119회",2019. 9. 30.,댓글 3개,좋아요 11개,싫어요 3개
