﻿title_list,view,upload_date,comment,likes_num,unlikes_num
LG DIOS 식기세척기 - 100℃ 트루스팀으로 한 번에 편,"조회수 20,354회",2020. 9. 25.,댓글 0개,좋아요 24개,싫어요 1개
LG DIOS 김치톡톡 - 냉기 테크놀로지 편,조회수 934회,2020. 9. 25.,댓글 2개,좋아요 19개,싫어요 3개
LG WING - Q&A 편,"조회수 1,448회",2020. 9. 24.,댓글 22개,좋아요 45개,싫어요 3개
LG WING - 짐벌 모드 편,조회수 417회,2020. 9. 24.,댓글 1개,좋아요 26개,싫어요 없음
[일단클릭!] LG WING 77초 PR 편,"조회수 8,012회",2020. 9. 24.,댓글 12개,좋아요 51개,싫어요 1개
LG 코드제로 R9보이스 & M9 ThinQ - 로봇 배틀 티저 편,"조회수 66,065회",2020. 9. 23.,댓글 0개,좋아요 21개,싫어요 없음
LG WING - Road To YangYang (서프트립) 편,"조회수 2,506회",2020. 9. 22.,댓글 9개,좋아요 59개,싫어요 2개
LG 코드제로 R9보이스 & M9 ThinQ - 로봇 배틀 편,"조회수 2,298,351회",2020. 9. 22.,댓글 49개,좋아요 93개,싫어요 3개
LG WING - 기능 맛보기 편,"조회수 271,838회",2020. 9. 21.,댓글 11개,좋아요 38개,싫어요 2개
LG WING - YOUTUBE CONTROLLER 편,조회수 551회,2020. 9. 21.,댓글 2개,좋아요 11개,싫어요 없음
LG WING - VIDEO + MESSENGER 편,조회수 614회,2020. 9. 21.,댓글 6개,좋아요 21개,싫어요 없음
LG WING - GAME + MAP 편,조회수 600회,2020. 9. 21.,댓글 1개,좋아요 22개,싫어요 2개
LG WING - GPS + MUSIC 편,조회수 542회,2020. 9. 21.,댓글 2개,좋아요 16개,싫어요 없음
LG WING - LG WING이 필요한 순간 with 기유TV,"조회수 1,444회",2020. 9. 21.,댓글 18개,좋아요 122개,싫어요 5개
LG 올레드 갤러리TV - TV 선택의 기준 올레드 4S 편,조회수 605회,2020. 9. 20.,댓글 1개,좋아요 13개,싫어요 1개
LG 올레드 갤러리TV - 정확한 블랙이 만드는 선명한 화질(Sharp) 편,조회수 281회,2020. 9. 20.,댓글 0개,좋아요 6개,싫어요 1개
LG 올레드 갤러리TV - 더 생생한 현장감(Smooth) 편,조회수 191회,2020. 9. 20.,댓글 0개,좋아요 5개,싫어요 1개
LG 올레드 갤러리TV - 끊김없는 부드러움(Speedy) 편,조회수 268회,2020. 9. 20.,댓글 1개,좋아요 4개,싫어요 없음
LG 올레드 갤러리TV - 슬림한 디자인(Slim) 편,조회수 319회,2020. 9. 20.,댓글 0개,좋아요 13개,싫어요 1개
LG WING - 유세윤의 하루(Vlog) 편,"조회수 82,680회",2020. 9. 20.,댓글 20개,좋아요 120개,싫어요 3개
LG WHISEN ThinQ - 사회공헌 캠페인 #모두의바람으로 디지털 영상 편,"조회수 911,088회",2020. 9. 20.,댓글 14개,좋아요 48개,싫어요 1개
LG WHISEN - 달려라 하니와 함께 금성에어컨을 찾았습니다,"조회수 3,431회",2020. 9. 17.,댓글 38개,좋아요 91개,싫어요 1개
LG WING - Korean Englishman (영국남자) 편,"조회수 3,032회",2020. 9. 16.,댓글 20개,좋아요 109개,싫어요 6개
LG WING - Digital Unveiling 온라인 공개행사 축약 편,"조회수 2,399회",2020. 9. 15.,NaN,좋아요 68개,싫어요 2개
[일단클릭!] 지속가능경영 보고서가 뭐예요?,"조회수 24,533회",2020. 9. 15.,댓글 6개,좋아요 15개,싫어요 3개
LG WING - Unbox Therapy(언박스 테라피) 편,"조회수 10,646회",2020. 9. 15.,댓글 44개,좋아요 177개,싫어요 4개
LG WING - Zach King(잭킹) 편,"조회수 4,912회",2020. 9. 15.,댓글 9개,좋아요 104개,싫어요 3개
LG WING - Azzyland(아찌랜드) 편,"조회수 1,722회",2020. 9. 15.,댓글 4개,좋아요 40개,싫어요 1개
LG WING Digital Unveiling - 온라인 공개행사,"조회수 75,046회",2020. 9. 14.,NaN,"좋아요 1,129개",싫어요 74개
LG WING - Design 영상 편,"조회수 33,351회",2020. 9. 14.,댓글 202개,좋아요 382개,싫어요 17개
LG WING - Explorer Project : 새로운 시작 편,"조회수 6,432회",2020. 9. 14.,댓글 82개,좋아요 176개,싫어요 5개
LG DIOS 인덕션 - 초고화력을 발휘하는 순간 편,"조회수 165,313회",2020. 9. 10.,댓글 3개,좋아요 35개,싫어요 2개
LG DIOS 인덕션 - 내게 필요한 것은 초고화력 편,"조회수 179,684회",2020. 9. 10.,댓글 1개,좋아요 26개,싫어요 2개
LG 그램 17 - gram으로 따라오세요 온라인 수업 편,"조회수 2,060,822회",2020. 9. 9.,댓글 7개,좋아요 40개,싫어요 2개
LG 코드제로 M9 ThinQ - 클린 홈즈 스페셜 에피소드 4편,"조회수 451,453회",2020. 9. 8.,댓글 2개,좋아요 17개,싫어요 2개
LG 코드제로 M9 ThinQ - 클린 홈즈 스페셜 에피소드 3편,"조회수 424,736회",2020. 9. 8.,댓글 2개,좋아요 27개,싫어요 1개
LG 코드제로 M9 ThinQ - 클린 홈즈 스페셜 에피소드 2편,"조회수 447,985회",2020. 9. 8.,댓글 0개,좋아요 16개,싫어요 2개
LG 코드제로 M9 ThinQ - 클린 홈즈 스페셜 에피소드 1편,"조회수 432,178회",2020. 9. 8.,댓글 0개,좋아요 15개,싫어요 1개
LG 코드제로 R9보이스 & M9 ThinQ - 클린 홈즈 2편,"조회수 13,257,019회",2020. 9. 4.,댓글 109개,좋아요 393개,싫어요 7개
LG Pra.L X 노미령 교수 - 프라엘 초음파 클렌저의 저자극 클렌징 요약 편,조회수 325회,2020. 9. 4.,댓글 0개,좋아요 5개,싫어요 없음
LG Pra.L X 노미령 교수 - 프라엘 초음파 클렌저의 저자극 클렌징,조회수 289회,2020. 9. 4.,댓글 0개,좋아요 6개,싫어요 1개
LG WHISEN 시스템에어컨 - 듀얼베인 고천장바람 편,조회수 472회,2020. 9. 3.,댓글 0개,좋아요 5개,싫어요 없음
LG WHISEN 시스템에어컨 - 듀얼베인 숲속바람 편,조회수 371회,2020. 9. 3.,댓글 0개,좋아요 6개,싫어요 1개
LG WHISEN 시스템에어컨 - 듀얼베인 에어가이드바람 편,조회수 310회,2020. 9. 3.,댓글 0개,좋아요 4개,싫어요 1개
LG WHISEN 시스템에어컨 - 듀얼베인 파워바람 편,조회수 365회,2020. 9. 3.,댓글 1개,좋아요 4개,싫어요 1개
LG WHISEN 시스템에어컨 - 듀얼베인 집중력강화바람 편,조회수 433회,2020. 9. 3.,댓글 0개,좋아요 8개,싫어요 없음
LG WHISEN 시스템에어컨 - 듀얼베인 자동맞춤바람 편,조회수 385회,2020. 9. 3.,댓글 0개,좋아요 6개,싫어요 없음
LG Explorer Project - 익스플로러 프로젝트 온라인 공개행사 초청장,"조회수 444,364회",2020. 9. 1.,댓글 18개,좋아요 74개,싫어요 4개
"새롭게 만난 LG전자 미디어 플랫폼, LiVE LG OPEN!","조회수 56,198회",2020. 8. 30.,댓글 14개,좋아요 86개,싫어요 1개
[LG전자 51구역] 컬러와 패턴의 비밀? 덕수는 알고 있다?!,"조회수 169,666회",2020. 8. 28.,댓글 26개,좋아요 69개,싫어요 3개
LG 코드제로 M9 - 기능알아보기 02. 아침시간이 바쁜 워킹맘 편,"조회수 8,334회",2020. 8. 26.,댓글 1개,좋아요 11개,싫어요 1개
LG 코드제로 M9 - 기능알아보기 01.반려견 폴리의 하루 편,"조회수 10,084회",2020. 8. 26.,댓글 3개,좋아요 18개,싫어요 2개
LG 코드제로 M9 ThinQ - 디지털 런칭 쇼케이스 편,"조회수 31,055회",2020. 8. 26.,댓글 22개,좋아요 98개,싫어요 3개
Life's Good 브랜드 필름 - Behind the Scene 편,조회수 781회,2020. 8. 21.,댓글 8개,좋아요 11개,싫어요 없음
Life's Good 브랜드 필름 - 확장 편,조회수 547회,2020. 8. 21.,댓글 4개,좋아요 10개,싫어요 없음
Life's Good 브랜드 필름 - 메인 편,조회수 822회,2020. 8. 21.,댓글 3개,좋아요 10개,싫어요 없음
LG TROMM 건조기 STEAM - 17KG 초대형 건조기 ④다양한 셔츠들 편,"조회수 2,137회",2020. 8. 20.,댓글 2개,좋아요 44개,싫어요 없음
LG TROMM 건조기 STEAM - 17KG 초대형 건조기 ③덩치 큰 인형 편,"조회수 2,250회",2020. 8. 20.,댓글 2개,좋아요 35개,싫어요 1개
LG TROMM 건조기 STEAM - 17KG 초대형 건조기 ②많은 양의 수건들 편,"조회수 2,331회",2020. 8. 20.,댓글 2개,좋아요 67개,싫어요 없음
LG TROMM 건조기 STEAM - 17KG 초대형 건조기 ①부피가 큰 이불 편,"조회수 3,185회",2020. 8. 20.,댓글 4개,좋아요 115개,싫어요 1개
LG TROMM 건조기 STEAM - 17KG 초대형 건조기 본편,"조회수 2,844,754회",2020. 8. 20.,댓글 6개,좋아요 40개,싫어요 4개
LG 모니터 360 - 6가지 방향으로 자유롭게 쓰는 모니터,"조회수 3,179회",2020. 8. 16.,댓글 8개,좋아요 30개,싫어요 4개
LG 실링팬 - 사계절 쓰는 프리미엄 천장형 선풍기,"조회수 4,884회",2020. 8. 10.,댓글 14개,좋아요 45개,싫어요 1개
LG 올레드 TV - 인류의 컬러 편 (올레드로 업그레이드 프로모션),"조회수 1,023,073회",2020. 8. 9.,댓글 14개,좋아요 51개,싫어요 3개
LG TONE Free - Vibe : 마카롱 케이스 편,"조회수 5,341,288회",2020. 8. 7.,댓글 18개,좋아요 52개,싫어요 6개
LG TONE Free - Groove : 마카롱 케이스 편,"조회수 5,589,830회",2020. 8. 7.,댓글 13개,좋아요 40개,싫어요 10개
LG WHISEN 시스템에어컨 - 듀얼베인,"조회수 3,132회",2020. 8. 5.,댓글 3개,좋아요 31개,싫어요 2개
LG WHISEN 에어컨 X 원더걸스 혜림 - 새신부 혜림의 신혼 에어컨 장만기,"조회수 1,939회",2020. 8. 4.,댓글 5개,좋아요 36개,싫어요 1개
[엘궁엘답] LG TONE Free - 기능 편,"조회수 65,784회",2020. 8. 3.,댓글 6개,좋아요 28개,싫어요 4개
[엘궁엘답] LG TONE Free - 사운드 편,"조회수 67,051회",2020. 8. 3.,댓글 6개,좋아요 26개,싫어요 3개
[EVENT/엘궁엘답] LG TONE Free - 신상 of 신상 무선이어폰 O/X 퀴즈로 정복하기,"조회수 56,031회",2020. 8. 3.,댓글 223개,좋아요 406개,싫어요 1개
LG SIGNATURE - 비주얼 아트 B 편 (통합),"조회수 5,559회",2020. 7. 31.,댓글 3개,좋아요 42개,싫어요 1개
"LG TROMM 워시타워 - 1등 트롬, 원바디 세탁건조기 시대를 열다 편","조회수 2,173,763회",2020. 7. 30.,댓글 1개,좋아요 19개,싫어요 3개
LG 모니터 360 - 스텐드의 진화 편,"조회수 1,419회",2020. 7. 30.,댓글 4개,좋아요 14개,싫어요 1개
LG 모니터 360 - 360 모니터와 함께하는 사무실 라이프 편,"조회수 2,669회",2020. 7. 30.,댓글 2개,좋아요 18개,싫어요 1개
LG 모니터 360 - 360 모니터가 필요한 곳은? 편,"조회수 1,775회",2020. 7. 30.,댓글 2개,좋아요 13개,싫어요 2개
LG 모니터 360 - 360 모니터 활용법 편,"조회수 3,346회",2020. 7. 30.,댓글 9개,좋아요 26개,싫어요 없음
[LG전자 51구역] 외계인이 왜 거기서 나와? 드디어 밝혀진 LG전자 외계인의 정체! (feat. 올레드TV),"조회수 120,940회",2020. 7. 27.,댓글 55개,좋아요 121개,싫어요 7개
"LG TONE Free X 신입사원 - 넥밴드 빌런과의 정면승부, 이 대결의 승자는?","조회수 1,748회",2020. 7. 24.,댓글 10개,좋아요 52개,싫어요 2개
LG TROMM 워시타워 - 에너지효율1등급 편,"조회수 9,168회",2020. 7. 19.,댓글 16개,좋아요 59개,싫어요 2개
LG TONE Free - 원음의 공간감 : Groove 편,"조회수 1,268,505회",2020. 7. 16.,댓글 184개,좋아요 215개,싫어요 16개
LG TONE Free - 원음의 공간감 : Vibe 편,"조회수 1,247,576회",2020. 7. 16.,댓글 147개,좋아요 182개,싫어요 12개
LG 퓨리케어 듀얼정수기 - 빌트인 디자인 2 편,"조회수 6,296회",2020. 7. 15.,댓글 6개,좋아요 15개,싫어요 2개
LG 퓨리케어 듀얼정수기 - 빌트인 디자인 1 편,"조회수 5,594회",2020. 7. 15.,댓글 2개,좋아요 9개,싫어요 2개
LG 퓨리케어 듀얼정수기 - 클린세척수 식기류 편,"조회수 5,608회",2020. 7. 15.,댓글 1개,좋아요 17개,싫어요 1개
LG 퓨리케어 듀얼정수기 - 클린세척수 채소 편,"조회수 5,854회",2020. 7. 15.,댓글 4개,좋아요 18개,싫어요 2개
LG 퓨리케어 듀얼정수기 - 클린세척수 과일 편,"조회수 6,271회",2020. 7. 15.,댓글 3개,좋아요 18개,싫어요 5개
LG 퓨리케어 미니 공기청정기 X 공기요정 유병재 - 사랑하는 사람에게 깨끗한 공기를 선물하다,"조회수 2,854회",2020. 7. 9.,댓글 22개,좋아요 71개,싫어요 5개
LG DIOS 얼음정수기냉장고 X 셰프 오스틴 강 - SUMMER RECIPE 랜선 클래스,"조회수 272,530회",2020. 7. 9.,댓글 827개,좋아요 595개,싫어요 1개
LG 홈브루 - 맛있는 수제맥주의 조건 편,"조회수 1,038회",2020. 7. 9.,댓글 7개,좋아요 31개,싫어요 없음
LG WHISEN 에어컨 X 영옥씨 부탁해 -영옥씨가 알려주는 LG 휘센,"조회수 1,226회",2020. 7. 5.,댓글 6개,좋아요 16개,싫어요 3개
LG TROMM 건조기 STEAM - 에너지소비효율 1등급 편,"조회수 5,649회",2020. 7. 3.,댓글 1개,좋아요 26개,싫어요 3개
LG TROMM 건조기 STEAM - 건조꿀팁 수건 건조 편,"조회수 3,379회",2020. 7. 2.,댓글 15개,좋아요 138개,싫어요 2개
LG LED 사이니지 - 330m 길이 선명한 리본보드 조성,"조회수 1,422회",2020. 6. 27.,댓글 4개,좋아요 27개,싫어요 2개
LG Pra.L X 리더스피부과 윤성재 원장 2편,"조회수 1,438회",2020. 6. 25.,댓글 0개,좋아요 19개,싫어요 2개
LG Pra.L X 리더스피부과 윤성재 원장 1편,"조회수 1,262회",2020. 6. 25.,댓글 0개,좋아요 23개,싫어요 1개
LG 퓨리케어 듀얼정수기 – 듀얼로 깨끗함을 빌트인하다 편,"조회수 1,525,850회",2020. 6. 25.,댓글 29개,좋아요 158개,싫어요 8개
LG 울트라 기어 - 고성능 편,"조회수 2,163회",2020. 6. 18.,댓글 3개,좋아요 24개,싫어요 4개
LG 울트라 기어 - 대용량배터리 편,"조회수 2,079회",2020. 6. 18.,댓글 3개,좋아요 29개,싫어요 4개
LG 울트라 기어 - 17대화면 편,"조회수 2,163회",2020. 6. 18.,댓글 3개,좋아요 32개,싫어요 2개
LG WHISEN 시스템에어컨 - 주거용 시스템에어컨 홍보 영상,"조회수 4,813회",2020. 6. 16.,댓글 1개,좋아요 39개,싫어요 1개
LG DIOS 빌트인 - 옵션 판매 제품 소개 (BIS/ BIK / 광파오븐),"조회수 3,407회",2020. 6. 16.,댓글 3개,좋아요 29개,싫어요 없음
LG TROMM 워시타워 - #다채로워 워시타워 컬러 편 (Feat.이적),"조회수 1,134,123회",2020. 6. 15.,댓글 1개,좋아요 36개,싫어요 6개
[LG전자 51구역] 집으로 돌아가려면 '지구 기술'이 필요하다? (feat. 트루스팀),"조회수 160,148회",2020. 6. 14.,댓글 13개,좋아요 74개,싫어요 3개
LG 올레드 TV - 인류의 컬러 편,"조회수 1,077,258회",2020. 6. 11.,댓글 175개,"좋아요 1,001개",싫어요 36개
LG 올레드 AI ThinQ - 초등생의 편지 한 통으로 시작된 만남,"조회수 1,850회",2020. 6. 9.,댓글 4개,좋아요 34개,싫어요 1개
[엘궁엘답] 코드제로 A9S - 듀얼 배터리의 장점은? (듀얼 배터리편),"조회수 46,385회",2020. 6. 7.,댓글 6개,좋아요 33개,싫어요 없음
[엘궁엘답] 코드제로 A9S - 먼지통 어떻게 관리해야할까? (먼지통 관리편),"조회수 46,691회",2020. 6. 7.,댓글 6개,좋아요 34개,싫어요 2개
[엘궁엘답] 코드제로 A9S - 무선청소기 헤드 브러쉬 물로 세척해도 될까? (헤드 브러쉬편),"조회수 47,280회",2020. 6. 7.,댓글 10개,좋아요 24개,싫어요 없음
[엘궁엘답] 코드제로 A9S - 궁금한 3가지 핵심정리 (통합편),"조회수 2,125회",2020. 6. 7.,댓글 12개,좋아요 41개,싫어요 없음
LG 올레드 TV - 스스로 빛을 내는 올레드 편,"조회수 11,689회",2020. 6. 5.,댓글 16개,좋아요 94개,싫어요 2개
[리얼리뷰] 물 전문가가 소개하는 LG 퓨리케어 정수기,"조회수 1,915회",2020. 6. 3.,댓글 0개,좋아요 17개,싫어요 2개
"[리얼리뷰] 톡써니 목관리의 비결, LG 프라엘 더마 LED 넥케어",조회수 570회,2020. 6. 3.,댓글 0개,좋아요 8개,싫어요 1개
[리얼리뷰] 성우 김혜성이 추천하는 LG 홈브루,"조회수 1,405회",2020. 6. 3.,댓글 4개,좋아요 23개,싫어요 1개
LG VELVET - 이것이 리얼한 현실 반응!(Feat.만능혁키),"조회수 41,217회",2020. 6. 3.,댓글 67개,좋아요 112개,싫어요 13개
LG BEST SHOP - '당신의 생활공간을 잘 아는 LG 베스트샵 생활맞춤컨설팅' 건조기 편,"조회수 3,481회",2020. 6. 3.,댓글 0개,좋아요 22개,싫어요 2개
LG BEST SHOP - '당신의 생활공간을 잘 아는 LG 베스트샵 생활맞춤컨설팅' 에어컨 편,"조회수 2,503회",2020. 6. 3.,댓글 2개,좋아요 12개,싫어요 1개
LG DIOS 얼음정수기냉장고 - 디오스 라이프 음성인식 오토도어 편,"조회수 749,679회",2020. 6. 1.,댓글 8개,좋아요 33개,싫어요 1개
LG DIOS 얼음정수기냉장고 - 디오스 라이프 UV안심제균+ 편,"조회수 752,245회",2020. 6. 1.,댓글 3개,좋아요 27개,싫어요 1개
LG DIOS 얼음정수기냉장고 - 디오스 라이프 노크온 매직스페이스 편,"조회수 737,162회",2020. 6. 1.,댓글 4개,좋아요 23개,싫어요 없음
LG DIOS 얼음정수기냉장고 - 디오스 라이프 음성인식 얼음정수기 편,"조회수 735,144회",2020. 6. 1.,댓글 3개,좋아요 37개,싫어요 1개
LG DIOS 얼음정수기냉장고 - 디오스 라이프 음성인식 정량급수 편,"조회수 756,325회",2020. 6. 1.,댓글 4개,좋아요 39개,싫어요 없음
LG DIOS 얼음정수기냉장고 X 문정원 - 썸머 플레이팅 랜선 클래스,"조회수 166,278회",2020. 5. 28.,"댓글 1,003개",좋아요 839개,싫어요 4개
"LG WHISEN 에어컨 X Wkorea - 북촌신혼부부, 목동 육아맘, 춘천대가족","조회수 2,653회",2020. 5. 27.,댓글 3개,좋아요 36개,싫어요 1개
LG WHISEN 에어컨 X Wkorea - 춘천 대가족,"조회수 1,791회",2020. 5. 26.,댓글 2개,좋아요 12개,싫어요 1개
LG WHISEN 에어컨 X Wkorea - 목동 가족,"조회수 1,592회",2020. 5. 26.,댓글 0개,좋아요 16개,싫어요 없음
LG WHISEN 에어컨 X Wkorea - 북촌 신혼부부,"조회수 1,712회",2020. 5. 26.,댓글 1개,좋아요 13개,싫어요 없음
"LG TROMM 건조기 STEAM - 건조 꿀팁 3편, 손쉽게 셔츠의 구김을 완화하는 방법 편","조회수 1,908,866회",2020. 5. 24.,댓글 5개,좋아요 54개,싫어요 1개
"LG TROMM 건조기 STEAM - 건조 꿀팁 2편, 매번 빨지 않고도 이불 냄새 제거하는 방법 편","조회수 1,927,176회",2020. 5. 24.,댓글 7개,좋아요 61개,싫어요 1개
"LG TROMM 건조기 STEAM - 건조 꿀팁 1편, 건조하면서 수건 속 세균까지 없애는 방법 편","조회수 1,943,179회",2020. 5. 24.,댓글 13개,좋아요 84개,싫어요 1개
LG VELVET X 경식보라 커플 : 색.다른 일상 편,"조회수 943,046회",2020. 5. 22.,댓글 40개,좋아요 176개,싫어요 12개
"LG DIOS 얼음정수기냉장고 - 1등답게, 디오스가 새로움을 OPEN 편","조회수 1,398,095회",2020. 5. 21.,댓글 31개,좋아요 99개,싫어요 8개
LG 트루스팀 - 트루스팀으로 소중한 일상을 지키세요 편,"조회수 1,851,634회",2020. 5. 20.,댓글 26개,좋아요 78개,싫어요 3개
LG전자 케어솔루션 - 얼음정수기냉장고 케어 편,"조회수 4,280회",2020. 5. 19.,댓글 3개,좋아요 22개,싫어요 2개
LG TROMM 워시타워 - #아름다워 워시타워 / 원바디 플랫 디자인 / 기능 편 (Feat. 이적),"조회수 981,398회",2020. 5. 18.,댓글 5개,좋아요 60개,싫어요 9개
LG TROMM 워시타워 - #놀라워 워시타워 / 인공지능 DD 세탁 / 트루스팀 건조 / 기능 편 (Feat. 이적),"조회수 967,498회",2020. 5. 18.,댓글 0개,좋아요 51개,싫어요 16개
LG TROMM 워시타워 - #즐거워 워시타워 / 건조 준비 / 다이렉트 페어링 / 기능 편 (Feat. 이적),"조회수 959,974회",2020. 5. 18.,댓글 4개,좋아요 68개,싫어요 6개
LG TROMM 워시타워 - #새로워 워시타워 / 원바디 런드리 컨트롤 / 기능 편 (Feat. 이적),"조회수 992,211회",2020. 5. 18.,댓글 11개,좋아요 60개,싫어요 7개
LG VELVET - 인물모드 : 커플 편,"조회수 1,561,500회",2020. 5. 15.,댓글 28개,좋아요 71개,싫어요 13개
LG VELVET - 인물모드 : 디저트 편,"조회수 1,387,625회",2020. 5. 15.,댓글 11개,좋아요 62개,싫어요 5개
LG VELVET - 듀얼 스크린&스타일러스 펜 : A+ 편,"조회수 2,048,764회",2020. 5. 15.,댓글 60개,좋아요 140개,싫어요 16개
LG VELVET - 듀얼 스크린&스타일러스 펜 : 생일파티 편,"조회수 1,936,607회",2020. 5. 15.,댓글 13개,좋아요 81개,싫어요 11개
LG DIOS 얼음정수기 냉장고 - 말만 하면 냉장고 문이 열린다고?,"조회수 7,808회",2020. 5. 13.,댓글 15개,좋아요 62개,싫어요 1개
LG SIGNATURE - 비주얼 아트 A 편 (통합),"조회수 2,153,219회",2020. 5. 12.,댓글 90개,좋아요 426개,싫어요 14개
LG VELVET - 오로라 화이트 컬러 편,"조회수 13,570회",2020. 5. 11.,댓글 10개,좋아요 62개,싫어요 9개
LG VELVET - 일루전 선셋 컬러 편,"조회수 26,468회",2020. 5. 11.,댓글 6개,좋아요 132개,싫어요 10개
LG VELVET - 오로라 그레이 컬러 편,"조회수 11,807회",2020. 5. 11.,댓글 16개,좋아요 66개,싫어요 4개
LG VELVET - 오로라 그린 컬러 편,"조회수 17,818회",2020. 5. 11.,댓글 17개,좋아요 105개,싫어요 14개
LG VELVET - Design 영상 편(풀버전),"조회수 24,433회",2020. 5. 11.,댓글 134개,좋아요 401개,싫어요 28개
LG VELVET X 하하 - 당신의 소중한 순간과 함께 (풀버전),"조회수 1,498,953회",2020. 5. 9.,댓글 471개,"좋아요 1,398개",싫어요 134개
LG VELVET X 하하 - 당신의 소중한 순간과 함께 (하이라이트),"조회수 6,785회",2020. 5. 9.,댓글 25개,좋아요 84개,싫어요 38개
LG전자 파르나스 지주형 LED 사이니지 영상,"조회수 2,445회",2020. 5. 7.,댓글 1개,좋아요 23개,싫어요 2개
LG 사이니지 영상 _ LED 사이니지 편,"조회수 1,595회",2020. 5. 7.,댓글 3개,좋아요 17개,싫어요 1개
LG 사이니지 영상 _ 디지털 사이니지 편,"조회수 2,649회",2020. 5. 7.,댓글 4개,좋아요 31개,싫어요 1개
LG VELVET - On the Digital Runway : 영국남자 편,"조회수 4,485회",2020. 5. 7.,댓글 26개,좋아요 86개,싫어요 10개
LG VELVET - On the Digital Runway : 디에디트 편,"조회수 3,710회",2020. 5. 7.,댓글 9개,좋아요 57개,싫어요 11개
LG VELVET - 올레드 시네마뷰 : 정주행 편,"조회수 667,591회",2020. 5. 7.,댓글 13개,좋아요 66개,싫어요 6개
LG VELVET - ASMR : 냥스타그램 편,"조회수 3,358,878회",2020. 5. 7.,댓글 32개,좋아요 171개,싫어요 21개
LG VELVET - 타임랩스 : 슈퍼파워 편,"조회수 3,370,883회",2020. 5. 7.,댓글 64개,좋아요 158개,싫어요 27개
LG VELVET - 타임랩스 : 강슛 편,"조회수 1,870,696회",2020. 5. 7.,댓글 19개,좋아요 88개,싫어요 14개
LG VELVET - 색.다른 시작 편,"조회수 4,778,989회",2020. 5. 7.,"댓글 1,057개","좋아요 2,796개",싫어요 317개
LG WHISEN ThinQ - 걱정없이 깨끗한 바람 편,"조회수 8,421회",2020. 5. 6.,댓글 7개,좋아요 32개,싫어요 5개
LG VELVET - 벨벳으로 완성한 한 끗의 차이,"조회수 66,864회",2020. 5. 5.,댓글 288개,좋아요 271개,싫어요 175개
LG VELVET - Design 영상 편,"조회수 20,532회",2020. 5. 4.,댓글 96개,좋아요 253개,싫어요 43개
초대형 LED 사이니지 - 압도적인 스케일로 시선을 사로잡다,"조회수 4,622회",2020. 5. 2.,댓글 11개,좋아요 67개,싫어요 1개
프라엘 초음파클렌저(화이트) - 이나영 미세먼지 편,"조회수 658,864회",2020. 4. 30.,댓글 1개,좋아요 21개,싫어요 2개
프라엘 LED마스크(FDA) - 이나영 선물 편,"조회수 2,045회",2020. 4. 30.,댓글 1개,좋아요 16개,싫어요 없음
프라엘 토탈타이트업케어(라인) - 김희애 토탈 편,"조회수 692,461회",2020. 4. 30.,댓글 2개,좋아요 37개,싫어요 없음
프라엘 LED마스크(하루9분) - 김희애 코어 편,"조회수 756,531회",2020. 4. 30.,댓글 1개,좋아요 44개,싫어요 2개
프라엘 초음파클렌저(핑크) 이나영 여름 편,"조회수 2,663회",2020. 4. 30.,댓글 3개,좋아요 30개,싫어요 없음
LG TROMM 워시타워 - 디지털 언베일링 편,"조회수 619,333회",2020. 4. 30.,댓글 3개,좋아요 36개,싫어요 4개
LG 프라엘 - '프라엘만 믿어요'편(30초),"조회수 9,979회",2020. 4. 29.,댓글 7개,좋아요 85개,싫어요 3개
LG BEST SHOP - '당신의 생활공간을 잘 아는 LG 베스트샵 생활맞춤컨설팅' 편(식기세척기),"조회수 7,846회",2020. 4. 24.,댓글 4개,좋아요 33개,싫어요 3개
LG BEST SHOP - '당신의 생활공간을 잘 아는 LG 베스트샵 생활맞춤컨설팅' 편(TV),"조회수 6,714회",2020. 4. 24.,댓글 2개,좋아요 38개,싫어요 3개
LG TROMM 워시타워 - 워시타워 기능 알아보기 05. 원바디 플랫 디자인 편,"조회수 2,388회",2020. 4. 24.,댓글 1개,좋아요 9개,싫어요 2개
LG TROMM 워시타워 - 워시타워 기능 알아보기 04. 인공지능 DD 세탁 · 스팀건조 편,"조회수 2,108회",2020. 4. 24.,댓글 0개,좋아요 4개,싫어요 1개
LG TROMM 워시타워 - 워시타워 기능 알아보기 03. 다이렉트 페어링 편,"조회수 2,158회",2020. 4. 24.,댓글 1개,좋아요 8개,싫어요 1개
LG TROMM 워시타워 - 워시타워 기능 알아보기 02. 원바디 세탁건조 프로세스 편,"조회수 2,369회",2020. 4. 24.,댓글 0개,좋아요 8개,싫어요 2개
LG TROMM 워시타워 - 워시타워 기능 알아보기 01. 원바디 런드리 컨트롤 편,"조회수 3,089회",2020. 4. 24.,댓글 2개,좋아요 6개,싫어요 1개
LG TROMM 워시타워 - 워시타워 기능 알아보기 종합편,"조회수 16,935회",2020. 4. 24.,댓글 13개,좋아요 79개,싫어요 5개
LG TROMM 워시타워 - 디지털 언베일링 영상 (풀버전),"조회수 21,409회",2020. 4. 24.,댓글 35개,좋아요 140개,싫어요 14개
LG DIOS 식기세척기 - 식기세척기의 신세계를 열다 편,"조회수 13,201회",2020. 4. 23.,댓글 2개,좋아요 36개,싫어요 6개
LG TROMM 워시타워 - 세탁건조의 새로운 장르를 열다 편,"조회수 1,242,426회",2020. 4. 23.,댓글 64개,좋아요 326개,싫어요 54개
LG 프라엘 X 배우 김희정 (핑크 초음파클렌저),"조회수 1,430회",2020. 4. 20.,댓글 1개,좋아요 17개,싫어요 1개
LG 울트라기어 게이밍 모니터 - 완벽한 승리의 조건 오버워치 편(30초),"조회수 878,962회",2020. 4. 16.,댓글 17개,좋아요 9개,싫어요 4개
LG 울트라기어 게이밍 모니터 - 완벽한 승리의 조건 니드포스피드 편(30초),"조회수 862,428회",2020. 4. 16.,댓글 0개,좋아요 9개,싫어요 1개
LG 울트라기어 게이밍 모니터 - 완벽한 승리의 조건 피파온라인 편(30초),"조회수 865,806회",2020. 4. 16.,댓글 4개,좋아요 7개,싫어요 2개
LG 울트라기어 게이밍 모니터 - 완벽한 승리의 조건 배틀그라운드 편(30초),"조회수 885,359회",2020. 4. 16.,댓글 3개,좋아요 7개,싫어요 3개
LG 올레드 AI ThinQ - 갤러리 디자인으로 공간의 가치를 찾다,"조회수 46,860회",2020. 4. 16.,댓글 4개,좋아요 27개,싫어요 6개
LG 울트라기어 게이밍 모니터 - 완벽한 승리의 조건 오버워치 편,"조회수 941,089회",2020. 4. 15.,댓글 59개,좋아요 35개,싫어요 9개
LG 울트라기어 게이밍 모니터 - 완벽한 승리의 조건 니드포 스피드 편,"조회수 908,937회",2020. 4. 15.,댓글 10개,좋아요 34개,싫어요 4개
LG TROMM 스타일러 – 진짜 스타일러의 의류관리 편,"조회수 11,396회",2020. 4. 15.,댓글 0개,좋아요 33개,싫어요 6개
LG TROMM 스타일러 – 진짜 스타일러의 의류관리 편(30초),"조회수 6,402회",2020. 4. 15.,댓글 0개,좋아요 19개,싫어요 3개
[리얼리뷰] 전문가가 알려주는 공기청정기 잘 고르는 방법,"조회수 2,754회",2020. 4. 7.,댓글 6개,좋아요 28개,싫어요 없음
LG전자 건강관리가전 스팀 - 우리집은 트루스팀이 있어 안심입니다 편,"조회수 1,658,913회",2020. 4. 5.,댓글 6개,좋아요 50개,싫어요 6개
LG 울트라기어 게이밍 모니터 - 완벽한 승리의 조건 피파온라인 편,"조회수 972,102회",2020. 4. 3.,댓글 69개,좋아요 56개,싫어요 4개
LG 울트라기어 게이밍 모니터 - 완벽한 승리의 조건 배틀그라운드 편,"조회수 1,124,711회",2020. 4. 3.,댓글 69개,좋아요 66개,싫어요 7개
LG 코드제로 A9S - 동시흡입&자동물공급 아이 편,"조회수 995,192회",2020. 3. 25.,댓글 5개,좋아요 22개,싫어요 6개
LG 코드제로 A9S - 동시흡입&자동물공급 댕댕이 편,"조회수 531,465회",2020. 3. 25.,댓글 1개,좋아요 25개,싫어요 2개
LG 코드제로 A9S - 강력해진 A9S 편,"조회수 1,733,555회",2020. 3. 25.,댓글 11개,좋아요 96개,싫어요 32개
LG Q51 - 이 가성비 실화? LG Q51 전격 분해,"조회수 5,287회",2020. 3. 23.,댓글 40개,좋아요 83개,싫어요 10개
LG 코드제로 A9S - 슬림해진 흡입구 갈색냥이 편,"조회수 888,978회",2020. 3. 20.,댓글 2개,좋아요 28개,싫어요 2개
LG 코드제로 A9S - 슬림해진 흡입구 흰색냥이 편,"조회수 1,605,209회",2020. 3. 20.,댓글 3개,좋아요 28개,싫어요 4개
LG 코드제로 A9S - 간편비움시스템 우리가족 편B,"조회수 888,772회",2020. 3. 20.,댓글 4개,좋아요 17개,싫어요 8개
LG 코드제로 A9S - 간편비움시스템 우리가족 편A,"조회수 1,591,913회",2020. 3. 20.,댓글 2개,좋아요 28개,싫어요 5개
LG전자 X 깨봉채널 - 내구성 탐구생활(feat.밀스펙),"조회수 68,237회",2020. 3. 16.,댓글 27개,좋아요 104개,싫어요 3개
LG WHISEN ThinQ - 당신을 위해 휘센의 변화는 시작 편 (+1 냉방성능),"조회수 2,234,799회",2020. 3. 13.,댓글 7개,좋아요 42개,싫어요 1개
LG WHISEN ThinQ - 당신을 위해 휘센의 변화는 시작 편(부재절전운전),"조회수 2,131,815회",2020. 3. 13.,댓글 4개,좋아요 35개,싫어요 5개
LG WHISEN ThinQ - 당신을 위해 휘센의 변화는 시작 편(활동량감지),"조회수 2,218,045회",2020. 3. 13.,댓글 1개,좋아요 37개,싫어요 7개
LG WHISEN ThinQ - 걱정없이 깨끗한 바람 편,"조회수 1,526,621회",2020. 3. 13.,댓글 32개,좋아요 119개,싫어요 16개
LG TROMM 건조기 STEAM - 스팀건조활용법 ④우리 아이 애착 인형 편,"조회수 11,642회",2020. 3. 12.,댓글 3개,좋아요 45개,싫어요 3개
LG TROMM 건조기 STEAM - 스팀건조활용법 ③위생이 중요한 아이 옷 편,"조회수 12,354회",2020. 3. 12.,댓글 4개,좋아요 47개,싫어요 1개
LG TROMM 건조기 STEAM - 스팀건조활용법 ②매일 덮는 이불과 베개 편,"조회수 12,250회",2020. 3. 12.,댓글 3개,좋아요 95개,싫어요 없음
LG TROMM 건조기 STEAM - 스팀건조활용법 ①구겨진 셔츠 편,"조회수 14,591회",2020. 3. 12.,댓글 4개,좋아요 94개,싫어요 1개
LG TROMM 건조기 STEAM - 스팀건조활용법 종합 편,"조회수 11,772회",2020. 3. 12.,댓글 2개,좋아요 31개,싫어요 3개
LG 올레드 AI ThinQ - 진화한 인공지능을 만나다!,"조회수 1,585회",2020. 3. 10.,댓글 3개,좋아요 18개,싫어요 2개
LG TROMM 건조기 STEAM - 옷감이 살아나는 건조의 시작 편,"조회수 2,181,689회",2020. 3. 4.,댓글 35개,좋아요 263개,싫어요 43개
LG Q51 - 대화면 실속형 스마트폰 소개,"조회수 24,436회",2020. 2. 24.,NaN,좋아요 115개,싫어요 48개
"LG 퓨리케어 360°공기청정기 - 나무처럼 빈틈없이, 나무처럼 더 멀리 편","조회수 38,630회",2020. 2. 24.,댓글 3개,좋아요 70개,싫어요 12개
LG 퓨리케어 360° 공기청정기 - 360° 공기걱정 LIVE 공기완벽주의자 편,"조회수 1,083,621회",2020. 2. 23.,댓글 0개,좋아요 51개,싫어요 6개
LG 퓨리케어 360° 공기청정기 - 360° 공기걱정 LIVE 집밖은위험해 편,"조회수 1,147,981회",2020. 2. 23.,댓글 0개,좋아요 59개,싫어요 4개
LG 퓨리케어 360° 공기청정기 - 360° 공기걱정 LIVE 인테리어만렙 부부 편,"조회수 1,103,921회",2020. 2. 23.,댓글 0개,좋아요 50개,싫어요 2개
LG 퓨리케어 360° 공기청정기 - 360° 공기걱정 LIVE 딸바보대디 편,"조회수 1,065,141회",2020. 2. 23.,댓글 1개,좋아요 60개,싫어요 4개
LG 퓨리케어 360° 공기청정기 - 360° 공기걱정 LIVE 안졸리니베이비맘 편,"조회수 1,056,022회",2020. 2. 23.,댓글 1개,좋아요 67개,싫어요 8개
LG 퓨리케어 미니 공기청정기 - 깨끗한 공기를 휴대하다 편,"조회수 24,257회",2020. 2. 21.,댓글 4개,좋아요 58개,싫어요 3개
LG 퓨리케어 미니 공기청정기 – 주말캠핑 편,"조회수 4,360회",2020. 2. 20.,댓글 0개,좋아요 16개,싫어요 없음
LG소셜캠퍼스 '생산성 향상 컨설팅' 사회적기업 에코언니야,조회수 551회,2020. 2. 20.,댓글 0개,좋아요 4개,싫어요 없음
LG소셜캠퍼스 '생산성 향상 컨설팅' 사회적기업 커스프,조회수 459회,2020. 2. 20.,댓글 0개,좋아요 3개,싫어요 없음
LG TROMM 건조기 STEAM ThinQ - 스팀 건조기 런칭 편,"조회수 3,465,070회",2020. 2. 19.,댓글 5개,좋아요 124개,싫어요 14개
LG 트롬 스타일러 - 스타일러 잘 쓰는 법 3 편(세로형),"조회수 2,354회",2020. 2. 19.,댓글 1개,좋아요 24개,싫어요 6개
LG 트롬 스타일러 - 스타일러 잘 쓰는 법 2 편(세로형),"조회수 1,661회",2020. 2. 19.,댓글 1개,좋아요 25개,싫어요 2개
LG 트롬 스타일러 - 스타일러 잘 쓰는 법 1 편(세로형),"조회수 1,704회",2020. 2. 19.,댓글 2개,좋아요 12개,싫어요 2개
LG 그램 17 - gram으로 따라오세요 화질 편,"조회수 3,907회",2020. 2. 19.,댓글 22개,좋아요 70개,싫어요 4개
LG 그램 17 - gram으로 따라오세요 듀얼 업그레이드 편,"조회수 3,662회",2020. 2. 19.,댓글 3개,좋아요 58개,싫어요 6개
LG 그램 17 - gram으로 따라오세요 대용량 배터리 편,"조회수 2,456회",2020. 2. 19.,댓글 2개,좋아요 34개,싫어요 3개
LG Electronics' Corporate Social Responsibility Story,조회수 505회,2020. 2. 12.,댓글 1개,좋아요 8개,싫어요 없음
"LG전자 '기업의 사회적 책임(Corporate Social Responsibility, CSR)' 이야기","조회수 6,180회",2020. 2. 12.,댓글 1개,좋아요 55개,싫어요 1개
디자인경영센터 X 서울대학교병원 LED 사이니지,"조회수 2,319회",2020. 2. 10.,댓글 1개,좋아요 27개,싫어요 2개
LG 트롬 스타일러 - 스타일러 잘 쓰는 법 1 편,"조회수 1,733,670회",2020. 2. 6.,댓글 5개,좋아요 89개,싫어요 4개
LG 트롬 스타일러 - 스타일러 잘 쓰는 법 2 편,"조회수 1,724,202회",2020. 2. 6.,댓글 3개,좋아요 60개,싫어요 2개
LG 트롬 스타일러 - 스타일러 잘 쓰는 법 3 편,"조회수 1,704,758회",2020. 2. 6.,댓글 4개,좋아요 46개,싫어요 2개
LG DIOS 인덕션 - 당신의 주방은 어떤가요 편,"조회수 2,093,157회",2020. 1. 21.,댓글 7개,좋아요 62개,싫어요 13개
LG전자 X 패스트파이브 서울숲점 - 오피스 활용 편,"조회수 1,680회",2020. 1. 19.,댓글 0개,좋아요 14개,싫어요 3개
LG ThinQ - '당신과 ThinQ를 맞추다' 편,"조회수 10,969,787회",2020. 1. 15.,댓글 16개,좋아요 145개,싫어요 11개
"LG전자 X CES 2020 헬로구텐탁올라 5탄 - LG ThinQ 홈 존, 커넥티드 카 존","조회수 29,952회",2020. 1. 10.,댓글 0개,좋아요 23개,싫어요 1개
LG전자 X CES 2020 헬로구텐탁올라 4탄 - LG 씽큐 존 2. 씽큐 핏 콜렉션,"조회수 29,843회",2020. 1. 9.,댓글 3개,좋아요 21개,싫어요 1개
LG전자 X CES 2020 헬로구텐탁올라 3탄 - Innovation 존,"조회수 30,324회",2020. 1. 8.,댓글 1개,좋아요 13개,싫어요 1개
LG전자 X CES 2020 헬로구텐탁올라 2탄 - LG 씽큐 존 1. 클로이 테이블,"조회수 28,781회",2020. 1. 8.,댓글 2개,좋아요 22개,싫어요 없음
LG전자 X CES 2020 헬로구텐탁올라 1탄 - 올레드 어트랙터,"조회수 30,085회",2020. 1. 7.,댓글 3개,좋아요 14개,싫어요 1개
LG 퓨리케어 360º 공기청정기 펫 - 펫으로 쌓인 털과 냄새 펫으로 해결하다 B 편,"조회수 18,883회",2020. 1. 6.,댓글 1개,좋아요 27개,싫어요 5개
LG 퓨리케어 360º 공기청정기 펫 - 펫으로 쌓인 털과 냄새 펫으로 해결하다 A 편,"조회수 22,717회",2020. 1. 6.,댓글 8개,좋아요 49개,싫어요 11개
LG TROMM 건조기 - 건조기술 따져보기 배수통 설계 편,"조회수 2,734,845회",2020. 1. 6.,댓글 14개,좋아요 57개,싫어요 25개
LG TROMM 건조기 - 건조기술 따져보기 건조방식 편,"조회수 3,290,974회",2020. 1. 6.,댓글 4개,좋아요 31개,싫어요 15개
LG TROMM 건조기 - 건조기술 따져보기 종합 편,"조회수 3,321,322회",2020. 1. 6.,댓글 15개,좋아요 113개,싫어요 36개
LG TROMM 건조기 - 건조기술 따져보기 콘덴서 관리 편,"조회수 2,748,613회",2020. 1. 5.,댓글 11개,좋아요 54개,싫어요 34개
LG TROMM 건조기 - 역시 트롬 편,"조회수 741,397회",2020. 1. 5.,댓글 3개,좋아요 63개,싫어요 14개
"LG전자 건강관리가전 - 가족의 모든 순간(인덕션, 건조기, 정수기) 편","조회수 4,352,464회",2020. 1. 3.,댓글 0개,좋아요 46개,싫어요 13개
LG 그램 17 - No.1의 혁신 편 광고,"조회수 50,537회",2019. 12. 23.,댓글 85개,좋아요 295개,싫어요 12개
LG프라엘 - '코어라이트' 편,"조회수 251,515회",2019. 12. 23.,댓글 0개,좋아요 12개,싫어요 1개
"LG CLOi 로봇 삼총사 - 당신에게 가까이, 당신에게 클로이","조회수 2,953회",2019. 12. 22.,댓글 2개,좋아요 26개,싫어요 없음
LG gram 17 X 깨봉 - 뜻뜯한 리뷰,"조회수 84,994회",2019. 12. 19.,댓글 35개,좋아요 93개,싫어요 5개
LG 퓨리케어 정수기 - 리얼후기 공모 인터뷰 편,"조회수 1,364,920회",2019. 12. 19.,댓글 6개,좋아요 28개,싫어요 4개
LG 퓨리케어 정수기 - 리얼후기 공모 제품 편,"조회수 1,360,548회",2019. 12. 19.,댓글 3개,좋아요 18개,싫어요 3개
LG 퓨리케어 정수기 - 케어솔루션서비스 업그레이드 편,"조회수 4,879회",2019. 12. 19.,댓글 11개,좋아요 51개,싫어요 5개
LG DIOS 와인셀러X존박X신아영 - LG DIOS 와인클래스(현장 스케치 FILM),조회수 973회,2019. 12. 17.,댓글 0개,좋아요 11개,싫어요 1개
"LG전자 건강관리가전 - 가족의 모든 순간 (식기세척기, 스타일러, 공기청정기) 편","조회수 3,801,123회",2019. 12. 13.,댓글 15개,좋아요 96개,싫어요 17개
LG전자 케어솔루션 - 정수기 케어 편,"조회수 1,013,482회",2019. 12. 12.,댓글 15개,좋아요 713개,싫어요 272개
"LG 서포터즈 모집 - 김치톡톡, 트윈워시, 프라엘 편","조회수 1,483,266회",2019. 12. 3.,댓글 26개,좋아요 35개,싫어요 24개
"LG 서포터즈 모집 - 그램, V50S 듀얼 스크린 편","조회수 1,611,308회",2019. 12. 3.,댓글 24개,좋아요 57개,싫어요 11개
"LG 서포터즈 모집 - 인덕션,A9 편","조회수 908,173회",2019. 12. 3.,댓글 17개,좋아요 55개,싫어요 19개
LG전자 케어솔루션 - 전기레인지 케어 편,"조회수 701,077회",2019. 12. 2.,댓글 20개,좋아요 500개,싫어요 112개
LG전자 케어솔루션 - 식기세척기 케어 편,"조회수 682,315회",2019. 12. 2.,댓글 16개,좋아요 418개,싫어요 98개
LG전자 케어솔루션 - 스타일러 케어 편,"조회수 709,549회",2019. 12. 2.,댓글 24개,좋아요 313개,싫어요 74개
LG전자 케어솔루션 - 공기청정기 케어 편,"조회수 778,948회",2019. 12. 2.,댓글 20개,좋아요 516개,싫어요 140개
LG전자 케어솔루션 - 건조기 케어 편,"조회수 688,823회",2019. 12. 2.,댓글 17개,좋아요 303개,싫어요 96개
LG 퓨리케어 정수기 - 한의사 왕혜문이 추천하는 건강한 물 관리 법,"조회수 2,755회",2019. 11. 27.,댓글 0개,좋아요 9개,싫어요 없음
LG CLOi Chefbot - 국수 만드는 LG 로봇,"조회수 16,520회",2019. 11. 23.,댓글 22개,좋아요 99개,싫어요 4개
LG TONE+ Free - 놀라운 사운드 편,"조회수 3,426,023회",2019. 11. 21.,댓글 66개,좋아요 241개,싫어요 31개
LG TONE+ Free - 세상의 모든 사운드 편 (여행/일상),"조회수 516,793회",2019. 11. 21.,댓글 1개,좋아요 26개,싫어요 1개
LG TONE+ Free - 세상의 모든 사운드 편 (음악),"조회수 1,316,515회",2019. 11. 21.,댓글 5개,좋아요 33개,싫어요 3개
LG TONE+ Free - 세상의 모든 사운드 편 (스포츠/게임),"조회수 518,992회",2019. 11. 21.,댓글 1개,좋아요 23개,싫어요 1개
LG TONE+ Free - 세상의 모든 사운드 편,"조회수 1,062,856회",2019. 11. 21.,댓글 37개,좋아요 113개,싫어요 12개
LG TONE+ Free - 차원이 다른 사운드 편,"조회수 19,075회",2019. 11. 21.,댓글 36개,좋아요 118개,싫어요 14개
LG DIOS 식기세척기 - SBS톡톡정보브런치 [친절한 아리맘의 솔직논평],"조회수 2,267회",2019. 11. 18.,댓글 0개,좋아요 10개,싫어요 1개
LG전자 X G-STAR 2019,조회수 791회,2019. 11. 14.,댓글 1개,좋아요 12개,싫어요 없음
LG프라엘 - '2019 더마LED넥케어' 편,"조회수 3,264,024회",2019. 11. 13.,댓글 4개,좋아요 66개,싫어요 9개
LG TROMM 건조기 - 업그레이드 안내 영상 '트롬 건조기 올림' 편,"조회수 9,307회",2019. 11. 13.,댓글 3개,좋아요 22개,싫어요 20개
LG ThinQ - LG ThinQ 마음 치유 시간 제품 구동 편,"조회수 12,517회",2019. 11. 12.,댓글 3개,좋아요 64개,싫어요 9개
LG ThinQ - LG ThinQ 마음 치유 시간 앱 소개 편,"조회수 2,721,490회",2019. 11. 12.,댓글 4개,좋아요 56개,싫어요 5개
LG 퓨리케어 정수기 - LG 퓨리케어 상하좌우 정수기 자동 컵 센싱 소개 편,"조회수 6,422회",2019. 11. 8.,댓글 1개,좋아요 17개,싫어요 없음
LG TROMM 건조기 - 트롬으로 건조합니다 편,"조회수 19,997회",2019. 11. 8.,댓글 26개,좋아요 98개,싫어요 130개
LG DIOS 김치톡톡X메이비 - 메이비가 선택한 LG DIOS 김치톡톡,"조회수 2,282회",2019. 11. 7.,댓글 0개,좋아요 7개,싫어요 없음
LG V50S ThinQ - 유튜버를 위한 ASMR부터 듀얼 스크린까지 'LG V50S ThinQ 개발 스토리',"조회수 21,482회",2019. 11. 7.,댓글 50개,좋아요 97개,싫어요 3개
LG 프라엘 - '국.내.유.일. 미국 FDA Class Ⅱ 인가' 편,"조회수 1,691,155회",2019. 11. 7.,댓글 1개,좋아요 19개,싫어요 없음
LG TROMM 건조기×헬스트레이너 양치승 (현장스케치 FILM),"조회수 4,055회",2019. 11. 1.,댓글 3개,좋아요 24개,싫어요 5개
LG Objet - LG 오브제 X Noblesse,"조회수 1,977회",2019. 11. 1.,댓글 0개,좋아요 13개,싫어요 1개
LG프라엘 X 김희애 - 배우 김희애의 피부관리 팁,"조회수 5,918회",2019. 10. 28.,댓글 6개,좋아요 67개,싫어요 1개
"LG 올레드 TV - ""차원이 다른 LG 올레드 TV 바로알기 - Q&A"" 편","조회수 5,447,336회",2019. 10. 25.,댓글 363개,"좋아요 1,488개",싫어요 125개
LG V50S ThinQ X 프랑스 관광청 - 프랑스 여행 영상(feat. 경식보라),"조회수 1,225,231회",2019. 10. 24.,댓글 44개,좋아요 216개,싫어요 4개
LG TROMM 스타일러 - 무빙행어 먼지제거력 편,"조회수 714,558회",2019. 10. 24.,댓글 1개,좋아요 34개,싫어요 7개
LG DIOS 김치톡톡 - 매일 김치톡톡 편 2,"조회수 47,679회",2019. 10. 16.,댓글 40개,좋아요 136개,싫어요 35개
LG DIOS 김치톡톡 - 매일 김치톡톡 편,"조회수 49,510회",2019. 10. 16.,댓글 66개,좋아요 318개,싫어요 25개
LG V50S ThinQ - 미러 모드 편,"조회수 1,832,663회",2019. 10. 15.,댓글 13개,좋아요 76개,싫어요 7개
LG V50S ThinQ - 멀티태스킹 : 축구 중계+메신저 편,"조회수 928,980회",2019. 10. 14.,댓글 8개,좋아요 29개,싫어요 4개
LG V50S ThinQ - 확장 모드 : 지도 보기 편,"조회수 664,760회",2019. 10. 14.,댓글 3개,좋아요 35개,싫어요 7개
LG V50S ThinQ - 멀티태스킹 : 영화+애니메이션 편,"조회수 1,298,771회",2019. 10. 14.,댓글 2개,좋아요 25개,싫어요 3개
LG V50S ThinQ - 멀티 페이지 모드 : 번역 편,"조회수 607,733회",2019. 10. 14.,댓글 5개,좋아요 25개,싫어요 5개
LG V50S ThinQ - 멀티 페이지 모드 : 블로그검색 편,"조회수 999,174회",2019. 10. 14.,댓글 0개,좋아요 19개,싫어요 2개
LG V50S ThinQ - 확장 모드 : 기사 읽기 편,"조회수 2,901회",2019. 10. 14.,댓글 1개,좋아요 18개,싫어요 1개
LG V50S ThinQ - 멀티태스킹 : 영화+메신저 편,"조회수 981,778회",2019. 10. 14.,댓글 3개,좋아요 24개,싫어요 2개
LG V50S ThinQ - 멀티 페이지 모드 : 쇼핑 편,"조회수 1,044,487회",2019. 10. 14.,댓글 2개,좋아요 28개,싫어요 없음
LG V50S ThinQ - 나만의 게임패드 편,"조회수 1,416,852회",2019. 10. 13.,댓글 5개,좋아요 45개,싫어요 3개
LG V50S ThinQ - 360도 프리 스탑 편,"조회수 1,492,959회",2019. 10. 12.,댓글 3개,좋아요 51개,싫어요 10개
LG V50S ThinQ - 확장 모드 : 뉴스 기사 읽기 편,"조회수 836,833회",2019. 10. 12.,댓글 0개,좋아요 28개,싫어요 4개
LG V50S ThinQ - 멀티 페이지 모드 : 영상 보기 편,"조회수 1,100,718회",2019. 10. 12.,댓글 8개,좋아요 50개,싫어요 2개
LG V50S ThinQ - 확장 모드 : 지하철 노선도 편,"조회수 955,507회",2019. 10. 12.,댓글 3개,좋아요 43개,싫어요 5개
LG DIOS 김치톡톡 - 매일 김치톡톡(런칭) 편,"조회수 51,442회",2019. 10. 11.,댓글 48개,좋아요 160개,싫어요 54개
LG V50S ThinQ - 이 모든 걸 경험해보세요 편,"조회수 2,684,022회",2019. 10. 10.,댓글 108개,좋아요 963개,싫어요 160개
LG프라엘 - '2019 LG프라엘 플러스' 편,"조회수 18,941회",2019. 10. 9.,댓글 1개,좋아요 36개,싫어요 7개
LG프라엘 플러스 - 토탈타이트업케어 소개 편,"조회수 3,906회",2019. 10. 3.,댓글 1개,좋아요 14개,싫어요 2개
LG 울트라기어 17 - 세상에 없던 모델을 만들다 편,"조회수 6,897,155회",2019. 9. 29.,댓글 64개,좋아요 145개,싫어요 30개
LG V50S ThinQ - 사전 예약 편,"조회수 1,442,591회",2019. 9. 27.,댓글 49개,좋아요 178개,싫어요 20개
