﻿title_list,view,upload_date,comment,likes_num,unlikes_num
[SKmagic] SK매직 더블 플렉스 인덕션레인지!_40c,조회수 80회,2020. 9. 25.,NaN,좋아요 2개,싫어요 없음
"[SKmagic] 전격공개 더 넓고 더 다양하게, SK매직 더블 플렉스 인덕션레인지!",조회수 133회,2020. 9. 24.,NaN,좋아요 6개,싫어요 3개
[SKmagic] 알아서 다 관리 해주는 직수 정수기는?,"조회수 24,026회",2020. 9. 21.,NaN,좋아요 14개,싫어요 3개
[SKmagic] SK매직 스스로 직수정수기 30s,"조회수 3,804회",2020. 9. 8.,NaN,좋아요 32개,싫어요 33개
[SKmagic] SK매직 새로운 생활로 – ‘끊임없이’편 45s,"조회수 1,377회",2020. 9. 8.,NaN,좋아요 7개,싫어요 15개
[SKmagic] SK매직 새로운 생활로 – ‘남다르게’편 45s,"조회수 1,429회",2020. 9. 8.,NaN,좋아요 9개,싫어요 9개
[SKmagic] SK매직 스스로 자가관리 직수정수기로 위생 문제 한큐에 해결,"조회수 19,643회",2020. 9. 3.,NaN,좋아요 45개,싫어요 8개
[SKmagic] 플렉스 하이브리드 인덕션과 멀티 플렉스 광파 오븐으로 건강한 유럽식 집밥 만들기 (feat. 채낙영 셰프),"조회수 20,648회",2020. 8. 28.,NaN,좋아요 31개,싫어요 4개
[SKmagic] SK매직 코어 360º 공기청정기 홍보 영상,조회수 356회,2020. 8. 27.,NaN,좋아요 6개,싫어요 1개
[SKmagic] SK매직 코어 360º 공기청정기 펫필터 리뷰 영상,조회수 452회,2020. 8. 27.,NaN,좋아요 4개,싫어요 1개
"[SKmagic] SK매직 코어 360 공기청정기, 그 능력의 끝은?!","조회수 44,779회",2020. 8. 22.,NaN,좋아요 35개,싫어요 5개
[SKmagic] SK매직 스스로 직수정수기 필터 교체방법,"조회수 1,816회",2020. 8. 19.,NaN,좋아요 16개,싫어요 1개
"[SKmagic] 스스로 직수정수기 물이 안나오는 경우(자동 필터세척, 직수관 안심케어, 필터커버 장착, 급수잠금)","조회수 1,219회",2020. 8. 19.,NaN,좋아요 5개,싫어요 없음
"[SKmagic] 스스로 직수정수기 부가기능(LED밝기,음소거,냉온수 끔, 메모리 기능)","조회수 1,010회",2020. 8. 19.,NaN,좋아요 6개,싫어요 없음
[SKmagic] 매직라이브쇼 트리플 케어 식세기 편 스케치,조회수 423회,2020. 8. 18.,NaN,좋아요 2개,싫어요 없음
[SKmagic] 매직라이브쇼 트리플 케어 식세기 편 스케치,조회수 465회,2020. 8. 18.,NaN,좋아요 3개,싫어요 없음
[SKmagic] 전격공개 자가관리로 위생 걱정 없는 SK매직 스스로 직수정수기,"조회수 64,253회",2020. 8. 12.,NaN,좋아요 80개,싫어요 7개
[SKmagic] 얼음이 작거나 깨져서 나오나요? (슈퍼아이스),조회수 630회,2020. 8. 10.,NaN,좋아요 2개,싫어요 1개
[SKmagic] 얼음이 안 나오나요 ? (슈퍼아이스),조회수 544회,2020. 8. 10.,NaN,좋아요 3개,싫어요 없음
[SKmagic] 얼음이 작거나 깨져서 나오나요? (직수형 얼음정수기),조회수 575회,2020. 8. 10.,NaN,좋아요 2개,싫어요 없음
[SKmagic] 얼음이 안 나오나요 ? (직수형 얼음정수기),조회수 444회,2020. 8. 10.,NaN,좋아요 3개,싫어요 없음
[SKmagic] 여름철 정수기 자가점검 영상,조회수 445회,2020. 8. 10.,NaN,좋아요 4개,싫어요 없음
[SKmagic] 프로자취러와 함께하는 터치온플러스 식기세척기 실험 영상,"조회수 1,245회",2020. 8. 10.,NaN,좋아요 22개,싫어요 4개
[SKmagic] 트리플케어 식기세척기 자동 문 열림 안내영상,조회수 755회,2020. 8. 6.,NaN,좋아요 2개,싫어요 1개
[SKmagic] 트리플케어 식기세척기 건조&케어기능 안내영상,조회수 586회,2020. 8. 6.,NaN,좋아요 1개,싫어요 없음
[SKmagic] 트리플케어 식기세척기 세척기능 및 유의사항 안내영상,조회수 399회,2020. 8. 6.,NaN,좋아요 없음,싫어요 없음
[SKmagic] 트리플케어 식기세척기 사용설명 영상,조회수 428회,2020. 8. 6.,NaN,좋아요 4개,싫어요 없음
[SKmagic] SK매직 새로운 생활로 6s – 트리플케어편,"조회수 1,616회",2020. 8. 5.,NaN,좋아요 4개,싫어요 2개
[SKmagic] SK매직 새로운 생활로 6s – 올인원 광파 오븐편,"조회수 1,241회",2020. 8. 5.,NaN,좋아요 3개,싫어요 없음
[SKmagic] SK매직 새로운 생활로 6s – 용기 위치 자동 감지편,"조회수 1,482회",2020. 8. 5.,NaN,좋아요 4개,싫어요 없음
[SKmagic] SK매직 새로운 생활로 6s – 모션 공기청정기편,"조회수 1,375회",2020. 8. 5.,NaN,좋아요 1개,싫어요 2개
[SKmagic] SK매직 새로운 생활로 6s – 스테인리스 직수관편,조회수 866회,2020. 8. 5.,NaN,좋아요 1개,싫어요 2개
[SKmagic] 전격공개 1인/ 신혼부부를 위한 멀티 플렉스 광파오븐,"조회수 55,193회",2020. 7. 31.,NaN,좋아요 85개,싫어요 8개
[SKmagic] 정수기에서 물이 안 나오나요?,"조회수 2,381회",2020. 7. 27.,NaN,좋아요 8개,싫어요 3개
[SKmagic] 정수기에서 소음이 발생하나요?,"조회수 1,929회",2020. 7. 26.,NaN,좋아요 4개,싫어요 3개
[SKmagic] 도기버블비데 리모컨 건전지 교체 방법,조회수 842회,2020. 7. 14.,NaN,좋아요 6개,싫어요 3개
[SKmagic] 정수기 외관과 조리수 물이 뜨거운가요?,"조회수 2,441회",2020. 7. 13.,NaN,좋아요 4개,싫어요 없음
[SKmagic] 냉수가 차갑지 않을 때 해결법 ☝,"조회수 2,497회",2020. 7. 13.,NaN,좋아요 4개,싫어요 2개
[SKmagic] SK매직 정수기 물받이 물넘침 점검방법,"조회수 1,385회",2020. 7. 12.,NaN,좋아요 없음,싫어요 2개
[SKmagic] SK매직 이지탈착 적용 비데 제품분리 및 청소방법,"조회수 1,461회",2020. 7. 12.,NaN,좋아요 3개,싫어요 1개
[SKmagic] SK매직 도기버블비데 리모컨 페어링 및 건전지 교체방법,"조회수 1,917회",2020. 7. 12.,NaN,좋아요 4개,싫어요 3개
[SKmagic] SK매직 공기청정기 먼지센서 점검 및 청소방법,조회수 709회,2020. 7. 12.,NaN,좋아요 2개,싫어요 2개
[SKmagic] 혜택이 넘치는 SK매직 LIVE SHOW OPEN!,조회수 525회,2020. 7. 7.,NaN,좋아요 2개,싫어요 없음
[SKmagic] 파워 드라이 시스템 트리플 건조를 더한 터치온플러스 식기세척기,"조회수 1,079회",2020. 7. 7.,NaN,좋아요 6개,싫어요 2개
[SKmagic] 얼음이 안나오나요? (슈퍼아이스),"조회수 2,338회",2020. 7. 6.,NaN,좋아요 9개,싫어요 없음
[SKmagic] 냉수가 차갑지 않나요 ? (직수형 정수기),"조회수 5,764회",2020. 7. 6.,NaN,좋아요 7개,싫어요 없음
"[SKmagic] 건강을 위협하는 미세먼지, SK매직 모션 공기청정기로 퇴치 완료!","조회수 37,492회",2020. 6. 30.,NaN,좋아요 32개,싫어요 1개
[SKmagic] 얼음이 안나오나요?,"조회수 4,746회",2020. 6. 28.,NaN,좋아요 17개,싫어요 1개
"[SKmagic] SK매직 직수정수기, 과연 어디까지 정수가 될까?","조회수 67,270회",2020. 6. 25.,NaN,좋아요 54개,싫어요 3개
[SKmagic] 전격공개 플렉스 인덕션 전기레인지의 모든 것,"조회수 42,134회",2020. 6. 18.,NaN,좋아요 43개,싫어요 9개
[SKmagic] 2020NEW 터치온플러스 식기세척기,"조회수 1,895회",2020. 6. 11.,NaN,좋아요 9개,싫어요 1개
[SK매직] Tworld에서 SK매직 제품 체험할 수 있다?,"조회수 4,693회",2020. 6. 5.,NaN,좋아요 15개,싫어요 1개
[SKmagic] 올인원 광파오븐으로 주방 요리 문제 해결,"조회수 52,105회",2020. 5. 28.,NaN,좋아요 41개,싫어요 2개
인덕션 전기세? 전기공사 필수? 가스 차단? 팩트만 체크해드립니다!,"조회수 4,692회",2020. 5. 27.,NaN,좋아요 29개,싫어요 3개
"[SKmagic] 마법 같은 삶의 변화, SK매직케어에 도전하세요!","조회수 5,524회",2020. 5. 25.,NaN,좋아요 16개,싫어요 2개
[SKmagic] 매직연구소 안마의자와 마사지사 비교 체험,"조회수 46,221회",2020. 5. 22.,NaN,좋아요 51개,싫어요 5개
"[SKmagic]직수 얼음정수기, SK매직이어야 하는 이유는?","조회수 50,483회",2020. 5. 15.,NaN,좋아요 59개,싫어요 5개
안마의자 살 때 3D기능 확인해야한다? 그이유는!?,조회수 780회,2020. 5. 13.,NaN,좋아요 6개,싫어요 없음
안마의자 겉은 비슷한데 속은 어떨까? 과감히 시트까지 벗겨서 보여드립니다!,조회수 979회,2020. 5. 13.,NaN,좋아요 5개,싫어요 2개
고가 안마의자에 없는 기능이 중저가 제품에는 있다?,조회수 333회,2020. 5. 13.,NaN,좋아요 2개,싫어요 1개
"[SKmagic] 트리플케어 식기세척기 타공유무, 설치 위치, 세척력 등 체험단에게 듣는 후기","조회수 1,386회",2020. 5. 7.,NaN,좋아요 3개,싫어요 없음
[SKmagic] 전기레인지의 상판 청소 및 관리 방법 안내,"조회수 1,127회",2020. 5. 7.,NaN,좋아요 7개,싫어요 없음
[SKmagic] 전기레인지의 설치 방법 안내,"조회수 1,003회",2020. 5. 7.,NaN,좋아요 3개,싫어요 없음
[SKmagic] 인덕션 용기 구입 방법 안내,"조회수 1,048회",2020. 5. 7.,NaN,좋아요 2개,싫어요 1개
[SKmagic] 트리플케어 식기세척기 주방 정리 감동 영상,"조회수 44,024회",2020. 4. 29.,NaN,좋아요 40개,싫어요 6개
"[SKmagic] 매직연구소 에어프라이어와 광파오븐 비교, 광파오븐 추천 이유","조회수 48,878회",2020. 4. 17.,NaN,좋아요 101개,싫어요 11개
[SKmagic] SK매직 트리플케어 식기세척기 6초 자동 문닫힘 레드닷 디자인 어워드 위너 편,"조회수 5,928회",2020. 4. 9.,NaN,좋아요 25개,싫어요 2개
[SKmagic] SK매직 트리플케어 식기세척기 6초 와이드무빙 CES 혁신상 편,"조회수 4,704회",2020. 4. 9.,NaN,좋아요 11개,싫어요 2개
[SKmagic] SK매직 트리플케어 식기세척기 15초 식기관리의 혁신 편 (2020 CES & 레드닷),"조회수 630,455회",2020. 4. 9.,NaN,좋아요 60개,싫어요 19개
[SKmagic] SK매직 트리플케어 식기세척기 15초 식기세척의 혁신 편 (2020 CES & 레드닷),"조회수 684,192회",2020. 4. 9.,NaN,좋아요 52개,싫어요 20개
[SKmagic] 전격공개 트리플케어 식기세척기 추천 및 특장점 소개,"조회수 48,027회",2020. 4. 9.,NaN,좋아요 192개,싫어요 6개
매직 포인트 페이로 렌탈료 0원 만들기! (모바일ver),조회수 437회,2020. 4. 6.,NaN,좋아요 8개,싫어요 없음
집 데이트 중에 급X…?! 내 이미지 깨지기 일보직전,조회수 641회,2020. 4. 1.,NaN,좋아요 3개,싫어요 없음
더러운데 시원해서 몇 번째 돌려보는 ‘비르가즘’ 영상,조회수 490회,2020. 4. 1.,NaN,좋아요 1개,싫어요 없음
SK매직 스팀광파오븐 자주 묻는 질문 5가지!궁금증 다 풀어드립니다,"조회수 5,932회",2020. 4. 1.,NaN,좋아요 22개,싫어요 2개
"[2020 SK매직 채용 : 오늘도 열림] 주방가전계의 살아있는 레전드, SK매직이 여러분을 기다립니다!",조회수 546회,2020. 3. 31.,NaN,좋아요 11개,싫어요 없음
"정수기 구매? 렌탈? 가격, 관리, 할인 혜택 총 비교!","조회수 4,992회",2020. 3. 31.,NaN,좋아요 20개,싫어요 3개
각 공기청정기의 필터 pm? 필터 개수? SK매직 공기청정기 6종 전격 비교 Part2!,조회수 396회,2020. 3. 31.,NaN,좋아요 2개,싫어요 없음
공기청정기 비쌀 수록 좋은 건가? SK매직 공기청정기 6종 전격 비교 Part1!,조회수 852회,2020. 3. 31.,NaN,좋아요 6개,싫어요 없음
"비데 쓰면 100% 요로감염, 방광염 걸린다? 팩트만 체크!",조회수 358회,2020. 3. 31.,NaN,좋아요 2개,싫어요 없음
비데 렌탈하면 뭐가 좋은 건데? 팩트만 체크!,조회수 875회,2020. 3. 31.,NaN,좋아요 4개,싫어요 1개
[Skmagic] 트리플케어 자가진단 종합편,조회수 645회,2020. 3. 29.,NaN,좋아요 없음,싫어요 없음
[Skmagic] 트리플케어 건조 설명,"조회수 1,058회",2020. 3. 29.,NaN,좋아요 없음,싫어요 3개
[Skmagic] 트리플케어 세척 설명,"조회수 1,545회",2020. 3. 29.,NaN,좋아요 5개,싫어요 없음
"[Skmagic] 트리플케어 사용설명 문열림,단독코스,조명,잠금,UV","조회수 1,021회",2020. 3. 29.,NaN,좋아요 2개,싫어요 없음
[Skmagic] 트리플케어 기본 사용설명,"조회수 1,489회",2020. 3. 29.,NaN,좋아요 7개,싫어요 1개
가스레인지 구매 체크리스트! 팩트만 체크!,"조회수 4,201회",2020. 2. 6.,NaN,좋아요 33개,싫어요 13개
공기청정기 제대로 쓰는 법!? 팩트만 체크!,"조회수 1,449회",2020. 2. 6.,NaN,좋아요 10개,싫어요 4개
[SKmagic] SK매직 트리플케어 식기세척기 6초 보틀존 편,"조회수 13,168회",2020. 2. 4.,NaN,좋아요 18개,싫어요 2개
[SKmagic] SK매직 트리플케어 식기세척기 6초 자동 문닫힘,"조회수 14,440회",2020. 2. 4.,NaN,좋아요 15개,싫어요 8개
[SKmagic] SK매직 트리플케어 식기세척기 6초 듀얼 열풍건조 편,"조회수 11,442회",2020. 2. 4.,NaN,좋아요 8개,싫어요 1개
[SKmagic] SK매직 트리플케어 식기세척기 6초 UV 청정보관 편,"조회수 12,484회",2020. 2. 4.,NaN,좋아요 11개,싫어요 7개
[SKmagic] SK매직 트리플케어 식기세척기 6초 와이드무빙 세척 편,"조회수 11,698회",2020. 2. 4.,NaN,좋아요 8개,싫어요 2개
[SKmagic] SK매직 트리플케어 식기세척기 15초 식기세척의 혁신 편,"조회수 3,258,021회",2020. 1. 19.,NaN,좋아요 223개,싫어요 83개
[SKmagic] SK매직 트리플케어 식기세척기 15초 식기관리의 혁신 편,"조회수 3,269,863회",2020. 1. 19.,NaN,좋아요 220개,싫어요 99개
[SKmagic] SK매직 트리플케어 식기세척기 30초,"조회수 10,444,577회",2020. 1. 6.,NaN,좋아요 876개,싫어요 267개
식기관리까지 해주는 트리플 케어 식기세척기,"조회수 4,271회",2020. 1. 6.,NaN,좋아요 15개,싫어요 없음
새롭게 선보이는 SK매직 트리플 케어 식기세척기,"조회수 3,916회",2020. 1. 6.,NaN,좋아요 10개,싫어요 1개
국내최초 SK매직의 트리플 케어 기술을 만나보세요,"조회수 11,345회",2020. 1. 6.,NaN,좋아요 20개,싫어요 1개
세상에 없던 식기세척기의 등장,"조회수 9,603회",2020. 1. 6.,NaN,좋아요 27개,싫어요 없음
[SKmagic] SK매직 친환경캠페인 스케치 영상,"조회수 52,180회",2020. 1. 1.,NaN,좋아요 119개,싫어요 2개
[SKmagic] SK매직 친환경캠페인 - 얼스어스 -,"조회수 63,837회",2019. 12. 30.,NaN,좋아요 128개,싫어요 1개
[SKmagic] 내 친구를 소개합니다 2탄,조회수 630회,2019. 12. 29.,NaN,좋아요 5개,싫어요 2개
[SKmagic] SK매직 가스레인지 연소불꽃 안내 영상,"조회수 2,924회",2019. 12. 26.,NaN,좋아요 11개,싫어요 없음
[SKmagic] SK매직 가스레인지 편수냄비 사용방법,조회수 785회,2019. 12. 26.,NaN,좋아요 4개,싫어요 없음
[SKmagic] SK매직 가스레인지 점화손잡이 교체방법 영상,"조회수 3,404회",2019. 12. 26.,NaN,좋아요 4개,싫어요 1개
[SKmagic] SK매직 빌트인 가스레인지 상판 수평 보정 방법 영상,"조회수 1,279회",2019. 12. 26.,NaN,좋아요 4개,싫어요 2개
길거리 나가서 시민들에게 안마의자 체험시켜봄! 과연 시민들의 반응은?,조회수 581회,2019. 12. 17.,NaN,좋아요 4개,싫어요 2개
[SKmagic] 굿바이플라스틱 헬로우SK매직,"조회수 108,645회",2019. 12. 17.,NaN,"좋아요 1,172개",싫어요 1개
길거리 나가서 시민들에게 안마의자 체험시켜봄! 과연 시민들의 반응은?,"조회수 1,661회",2019. 12. 16.,NaN,좋아요 24개,싫어요 2개
[SKmagic] 안마의자 동작음 안내 영상,조회수 699회,2019. 12. 11.,NaN,좋아요 3개,싫어요 없음
[SKmagic] 안마의자 안마강도 조절 사용법,"조회수 1,251회",2019. 12. 11.,NaN,좋아요 4개,싫어요 1개
[SKmagic] 안마의자 리모컨 사용방법 영상,조회수 863회,2019. 12. 11.,NaN,좋아요 3개,싫어요 없음
[SKmagic] 안마의자 사용방법 영상,"조회수 1,732회",2019. 12. 11.,NaN,좋아요 9개,싫어요 없음
[SKmagic] 팩트체크! 정수기 물맛편,"조회수 1,256회",2019. 12. 5.,NaN,좋아요 9개,싫어요 1개
[SKmagic] SK네트웍스 서울경제 레이디스 클래식 캠페인 스케치 영상 1편,조회수 639회,2019. 12. 2.,NaN,좋아요 1개,싫어요 없음
[SKmagic] SK네트웍스 서울경제 레이디스 클래식 캠페인 스케치 영상 2편,조회수 646회,2019. 12. 2.,NaN,좋아요 1개,싫어요 없음
[SKmagic] SK매직 모션 공기청정기 15초,"조회수 2,148,756회",2019. 11. 14.,NaN,좋아요 219개,싫어요 86개
[SKmagic] SK매직 모션 공기청정기 30초,"조회수 11,493회",2019. 11. 14.,NaN,좋아요 21개,싫어요 9개
"[SKmagic] 공기청정기 단, 90초 만에 알아보기!","조회수 3,577회",2019. 10. 29.,NaN,좋아요 38개,싫어요 21개
[SKmagic] 신제품이라 해서 샀더니 물 끓이는데도 오래 걸린다?,"조회수 2,796회",2019. 10. 18.,NaN,좋아요 27개,싫어요 18개
"[SKmagic] 에어프라이어, 오븐, 전자레인지 뭘 사야 되지? 딱 정해드립니다!","조회수 31,275회",2019. 10. 18.,NaN,좋아요 112개,싫어요 62개
[SKmagic] 에어프라이어 vs 멀티 복합 오븐 본격 비교,"조회수 10,707회",2019. 10. 14.,NaN,좋아요 17개,싫어요 10개
[SKmagic] 설거지하고 남은 잔류세제 다 내 입속으로?!,"조회수 3,525회",2019. 10. 14.,NaN,좋아요 6개,싫어요 1개
[SKmagic] 우리집 공기청정기 필터..구정물 실화?,"조회수 1,598회",2019. 10. 14.,NaN,좋아요 5개,싫어요 1개
ERAHF30&HBTS3 전력제어 기능 안내,"조회수 2,038회",2019. 10. 7.,NaN,좋아요 3개,싫어요 2개
ERAHF30&HBTS3 터보기능 안내,조회수 654회,2019. 10. 7.,NaN,좋아요 없음,싫어요 1개
ERAHF30&HBTS3 소음,조회수 826회,2019. 10. 7.,NaN,좋아요 3개,싫어요 1개
ERAHF30&HBTS3 용기감지 기능,조회수 883회,2019. 10. 7.,댓글 0개,좋아요 2개,싫어요 2개
ERAHF30&HBTS3 사용법 안내,"조회수 1,654회",2019. 10. 7.,댓글 0개,좋아요 2개,싫어요 없음
