﻿title_list,view,upload_date,comment,likes_num,unlikes_num
[ETUDE 에뛰드] '레더샵' 컬렉션으로 완성하는 가을 브라운 메이크업 룩🍂,"조회수 1,450회",2020. 9. 23.,댓글 17개,좋아요 91개,싫어요 1개
"[ETUDE 에뛰드] F/W 역대급 신상 뮬리로맨스로 하는 인간 핑크뮬리 메이크업 &전제품 리뷰 | 뮬리 로맨스 발색 , 알아서 그라데이션 되는 립스틱?",조회수 976회,2020. 9. 20.,댓글 16개,좋아요 47개,싫어요 3개
[ETUDE 에뛰드] 에뛰드 뮬리로맨스 컬렉션으로 인간 핑크뮬리 메이크업💖 플레이 컬러 아이즈 뮬리로맨스 리뷰/에뛰드 신상/가을 메이크업,조회수 889회,2020. 9. 20.,댓글 5개,좋아요 43개,싫어요 1개
[ETUDE 에뛰드] 핑크 뮬리의 로맨틱한 감성을 가득 담은 #뮬리로맨스 메이크업 룩💗,"조회수 3,342회",2020. 9. 3.,댓글 14개,좋아요 124개,싫어요 2개
[ETUDE 에뛰드] 뮬리로맨스 풀버젼 | 노을빛x핑크뮬리로 물든 ‘pink play list’,"조회수 2,898회",2020. 8. 31.,댓글 23개,좋아요 125개,싫어요 없음
"[ETUDE 에뛰드] 올 가을, 핑크뮬리로 분위기 장착! 뮬리로맨스 컬렉션","조회수 8,075회",2020. 8. 27.,댓글 44개,좋아요 244개,싫어요 없음
"[ETUDE 에뛰드] 얇은 유리막을 씌운 듯, 클라스가 다른 글라스 광 #글라스루즈틴트","조회수 2,093회",2020. 8. 23.,댓글 7개,좋아요 78개,싫어요 3개
[ETUDE 에뛰드] 귀여운데 제품력까지 다해! 디즈니 썸썸컬렉션 젤리무스틴트,"조회수 4,196회",2020. 7. 16.,댓글 3개,좋아요 117개,싫어요 1개
[ETUDE 에뛰드] 에뛰드 디즈니 썸썸 콜라보레이션! 어썸 파티 Disney Tsum Tsum Collection!💕,"조회수 23,967회",2020. 6. 22.,댓글 24개,좋아요 637개,싫어요 35개
[ETUDE 에뛰드] 파데장인'후니언'의 원.픽.파.데👍 묻어남NO! 신상파데 솔직리뷰💕,"조회수 4,306회",2020. 6. 3.,댓글 4개,좋아요 49개,싫어요 10개
[ETUDE 에뛰드] ‘에뛰드’ x ‘소녀의세계’ 선지🐰의 메이크업 꿀팁대공개👍,"조회수 14,366회",2020. 5. 27.,댓글 26개,좋아요 332개,싫어요 3개
[ETUDE 에뛰드] 피지쏙 개발 히스토리♥,"조회수 4,638회",2020. 5. 10.,댓글 4개,좋아요 26개,싫어요 없음
[ETUDE 에뛰드] 피지쏙 국민BM 리얼보이스♥,"조회수 3,438회",2020. 5. 10.,댓글 3개,좋아요 19개,싫어요 없음
[ETUDE 에뛰드] 달콤하게 취하는 #로제와인컬렉션 (feat.헤이즐),"조회수 5,209회",2020. 4. 20.,댓글 7개,좋아요 134개,싫어요 7개
[ETUDE 에뛰드] 도아X레오제이의 환상케미! 인간딸기🍓메이크업💄,"조회수 11,299회",2020. 4. 9.,댓글 10개,좋아요 321개,싫어요 5개
11번가와 함께하는 에뛰드 라이브 방송 11번가 x 에뛰드 👭❤️,"조회수 2,716회",실시간 스트리밍 시작일: 2020. 3. 23.,댓글 4개,좋아요 47개,싫어요 1개
"[ETUDE 에뛰드] 벚꽃 장인, 에뛰드의 하트 블라썸 팔레트&치크 (feat.케찹)","조회수 21,817회",2020. 2. 24.,댓글 10개,좋아요 615개,싫어요 9개
[ETUDE 에뛰드] 허쉬컬렉션 오리지널 팔레트로 완성한 당충전 메이크업,"조회수 108,020회",2020. 2. 11.,댓글 88개,"좋아요 4,125개",싫어요 78개
[ETUDE 에뛰드] 구매욕을 자극하는 #에뛰드허쉬컬렉션 언박싱이벤트♥,"조회수 37,580회",2020. 1. 31.,댓글 11개,좋아요 459개,싫어요 20개
[ETUDE 에뛰드] 초콜릿 콜라보2탄!!! #에뛰드허쉬컬렉션 공식런칭 D-1♥,"조회수 19,385회",2020. 1. 30.,댓글 10개,좋아요 473개,싫어요 20개
[ETUDE 에뛰드] 초콜릿 콜라보2탄!!! 원조 팔레트 맛집 '에뛰드하우스'와 '허쉬 초콜릿'이 만나면 ??,"조회수 29,520회",2020. 1. 21.,댓글 64개,좋아요 503개,싫어요 10개
[ETUDE 에뛰드] 드/디/어/출/시/완/료 톰과 제리 컬렉션♥,"조회수 11,122회",2019. 12. 31.,댓글 6개,좋아요 241개,싫어요 6개
[ETUDE 에뛰드] 역/대/급/ 톰과 제리 컬렉션 커밍쑨,"조회수 6,714회",2019. 12. 25.,댓글 3개,좋아요 141개,싫어요 3개
[득템TV] 벌써 홀리데이 컬렉션 이자낭 +_+ (루돌프 커밍 투 타운),"조회수 1,711회",2019. 12. 1.,댓글 1개,좋아요 24개,싫어요 1개
[득템TV] 청순 내추럴 민낯 메이크업 (feat.페이스블러),조회수 615회,2019. 12. 1.,댓글 1개,좋아요 6개,싫어요 1개
[득템TV] 촉촉 윤광 베이스 메이크업 *_* 전구처럼 반짝이는 내피부~!,조회수 432회,2019. 12. 1.,댓글 0개,좋아요 2개,싫어요 없음
[득템TV] 이 구역의 사자머리 모여라~~~~,조회수 274회,2019. 12. 1.,댓글 0개,좋아요 1개,싫어요 없음
[득템TV] 원샷원킬~ 한 방에 딥 클렌징!,조회수 351회,2019. 12. 1.,댓글 0개,좋아요 4개,싫어요 없음
[득템TV] 득템Special~ 시청자 참여 메이크업 쇼!,조회수 530회,2019. 12. 1.,댓글 0개,좋아요 10개,싫어요 없음
[득템TV] 각질은 버리고 수분은 채우고! (a.k.a 완벽한 각질케어),조회수 214회,2019. 12. 1.,댓글 1개,좋아요 6개,싫어요 없음
[득템TV] 가을 나들이 메이크업 LOOK 제안!,조회수 409회,2019. 12. 1.,댓글 0개,좋아요 8개,싫어요 2개
[ETUDE 에뛰드] 1분꿀팁! 다크닝없이 오랫동안 촉촉한 베이스 연출 방법,"조회수 1,771회",2019. 11. 26.,댓글 1개,좋아요 54개,싫어요 3개
[ETUDE 에뛰드] #BeautizenClub Looking for Future Star Beauty Creators Beautizen Club Season 5,"조회수 156,265회",2019. 11. 20.,댓글 1개,좋아요 16개,싫어요 없음
"[ETUDE 에뛰드] 루돌프, 커밍 투 타운 홀리데이 메이크업 룩","조회수 6,736회",2019. 11. 11.,댓글 8개,좋아요 159개,싫어요 4개
"[ETUDE 에뛰드] Rudolph, Coming To Town Holiday Collection Makeup Look","조회수 5,674회",2019. 11. 11.,댓글 4개,좋아요 140개,싫어요 1개
[ETUDE 에뛰드] 가을 데일리 음영 메이크업 ( feat. 에뛰드 베이크하우스 ) Daily Autumn Contour Make Up,"조회수 15,881회",2019. 11. 6.,댓글 10개,좋아요 367개,싫어요 6개
[ETUDE 에뛰드] 핵인싸 득템하는 곳은 바로 ★퍼★프★팩★토★리★,"조회수 6,537회",2019. 11. 5.,댓글 8개,좋아요 206개,싫어요 2개
[ETUDE 에뛰드] 1분꿀팁! 촉촉 탱글 물먹립 연출 방법,"조회수 3,365회",2019. 10. 28.,댓글 4개,좋아요 72개,싫어요 1개
[득템TV]시청자 참여 메이크업 SHOW! 가을 스모키 LOOK!,조회수 784회,2019. 10. 23.,댓글 0개,좋아요 21개,싫어요 없음
[ETUDE 에뛰드] 대체불가 꿀조합 가을 팔레트♥ 팔레트 하나로 인간 노을 완성??,"조회수 5,429회",2019. 10. 20.,댓글 3개,좋아요 142개,싫어요 없음
[ETUDE 에뛰드] 럭스 온 아이즈 #무쌍 #유쌍 아이메이크업,"조회수 2,159회",2019. 10. 18.,댓글 2개,좋아요 59개,싫어요 없음
[ETUDE 에뛰드] Luxe On Eyes Single/Double eyelid Eye makeup,"조회수 2,763회",2019. 10. 18.,댓글 0개,좋아요 92개,싫어요 없음
[ETUDE 에뛰드] 1분꿀팁! 내 눈매에 맞는 아이라인 그리는 꿀팁,"조회수 5,110회",2019. 10. 2.,댓글 6개,좋아요 85개,싫어요 2개
[ETUDE 에뛰드] 팔레트 하나로 두 가지 가을 느낌 뿜뿜 메이크업을!?!?,"조회수 3,530회",2019. 9. 30.,댓글 6개,좋아요 81개,싫어요 3개
[ETUDE 에뛰드] 에뛰드 Self 매장 모르는 사람 없게 해주세요~~,"조회수 1,864회",2019. 9. 29.,댓글 5개,좋아요 44개,싫어요 3개
[ETUDE 에뛰드] 리얼함의 끝판왕 에뛰드 실험실! 강력한 콜라겐파워의 NEW수분가득 콜라겐 크림,"조회수 3,066회",2019. 9. 26.,댓글 0개,좋아요 55개,싫어요 1개
