﻿title_list,view,upload_date,comment,likes_num,unlikes_num
[THE 맛있는 요기요] 갈비찜으로 갈비버거 만들기,조회수 142회,2020. 9. 25.,댓글 0개,좋아요 4개,싫어요 없음
요기요와 함께 떠나는 전국 밥상여행 #동해안 편!,조회수 505회,2020. 9. 23.,댓글 0개,좋아요 1개,싫어요 없음
요기요와 함께 떠나는 전국 밥상여행 #서해안 편!,조회수 498회,2020. 9. 23.,댓글 0개,좋아요 없음,싫어요 없음
요기요와 함께 떠나는 전국 밥상여행 #남해안 편!,조회수 480회,2020. 9. 23.,댓글 0개,좋아요 3개,싫어요 없음
[THE 맛있는 요기요] 마라샹궈 파스타 만들기,조회수 485회,2020. 9. 16.,댓글 0개,좋아요 2개,싫어요 1개
[THE 맛있는 요기요] 불고기로 부리또 만들기,조회수 655회,2020. 8. 27.,댓글 1개,좋아요 8개,싫어요 없음
[THE 맛있는 요기요] 도넛 배달로 만드는 에그인홀 프렌치토스트,조회수 824회,2020. 8. 19.,댓글 1개,좋아요 2개,싫어요 없음
[THE 맛있는 요기요] 갈비탕으로 만드는 태국식 갈비국수,조회수 655회,2020. 8. 10.,댓글 2개,좋아요 8개,싫어요 없음
#요기요바캉스 북극에서 먹는 팥빙수의 맛🍨,"조회수 2,418회",2020. 8. 9.,댓글 0개,좋아요 1개,싫어요 없음
파스타의 고향🍝 이탈리아에서 즐기는 #요기요바캉스,"조회수 3,327회",2020. 8. 9.,댓글 0개,좋아요 3개,싫어요 없음
#요기요바캉스 떠나자 지상낙원 하와이로🌴,"조회수 3,408회",2020. 8. 9.,댓글 1개,좋아요 2개,싫어요 없음
#요기요바캉스 태국에서 즐기는 여름휴가🍉,"조회수 3,446회",2020. 8. 9.,댓글 0개,좋아요 12개,싫어요 없음
[요기요] 올 여름 마지막 푸드 페스티벌! #슈퍼세일컬렉션,조회수 908회,2020. 8. 2.,댓글 3개,좋아요 2개,싫어요 7개
[요기요] 아침부터 야식까지 풀코스 할인! #슈퍼세일컬렉션,"조회수 1,209회",2020. 7. 26.,댓글 3개,좋아요 3개,싫어요 19개
[요기요] 100개 맛집 무한 할인 페스티벌! #슈퍼세일컬렉션,"조회수 1,451회",2020. 7. 19.,댓글 15개,좋아요 38개,싫어요 40개
[요기요] 100개 맛집 브랜드 할인 #슈퍼세일컬렉션,"조회수 2,496,751회",2020. 7. 12.,댓글 36개,좋아요 448개,싫어요 324개
[요기요] 한달 내내 100개 맛집 할인 페스티벌! #슈퍼세일컬렉션,"조회수 3,035회",2020. 7. 12.,댓글 2개,좋아요 41개,싫어요 40개
[THE 맛있는 요기요] 편의점 배달로 만드는 치킨소세지마요컵밥,조회수 578회,2020. 6. 22.,댓글 1개,좋아요 3개,싫어요 6개
[THE 맛있는 요기요] 편의점 배달로 만드는 태국식 족발덮밥!,조회수 354회,2020. 6. 19.,댓글 0개,좋아요 1개,싫어요 2개
[The 맛있는 요기요] 편의점 배달로 만드는 '삼겹살 된장 리조또',조회수 468회,2020. 6. 16.,댓글 0개,좋아요 1개,싫어요 2개
[편의점 배달백서] 요기요가 알려주는 편의점 꿀조합 레시피 3탄! 치빔면,"조회수 1,441회",2020. 5. 14.,댓글 1개,좋아요 15개,싫어요 5개
[편의점 배달백서] 요기요가 알려주는 편의점 꿀조합 레시피 2탄! 오렌지 요거트 주스,"조회수 1,170회",2020. 5. 6.,댓글 0개,좋아요 7개,싫어요 2개
[The 맛있는 요기요] 남은 보쌈의 화려한 변신! 요기요 '차슈덮밥' 레시피,"조회수 1,194회",2020. 5. 5.,댓글 1개,좋아요 6개,싫어요 1개
[편의점 배달백서] 요기요가 알려주는 편의점 꿀조합 레시피 1탄! 불닭버거🍔,"조회수 1,036회",2020. 4. 28.,댓글 5개,좋아요 7개,싫어요 2개
[The 맛있는 요기요] 식은 피자 맛있게 먹는 방법! 요기요 '피자 프리타타' 레시피 공개,조회수 434회,2020. 4. 19.,댓글 2개,좋아요 1개,싫어요 1개
[The 맛있는 요기요] 남은 찜닭으로 '달걀만두' 만들어 볼까요? '찜닭 달걀만두' 레시피 공개!,조회수 619회,2020. 3. 24.,댓글 0개,좋아요 4개,싫어요 2개
[The 맛있는 요기요] '순대트리파' 레시피 공개! 낯선 이름에서 맛있는 향이 느껴진다...?!,"조회수 1,274회",2020. 3. 12.,댓글 0개,좋아요 9개,싫어요 1개
[Service]파스쿠찌 브런치 메뉴도 배달이 된다?!,조회수 845회,2020. 3. 9.,댓글 0개,좋아요 6개,싫어요 1개
[The 맛있는 요기요] 크림파스타가 남았다면? '크림파스타전' 만들어볼까요?,조회수 641회,2020. 3. 4.,댓글 0개,좋아요 없음,싫어요 1개
"유튜버, 배우가 되려면 이렇게까지 해야한다고? 유튜버, 배우의 삶 | 식중진담 8화","조회수 1,690회",2020. 2. 27.,댓글 9개,좋아요 17개,싫어요 9개
[The 맛있는 요기요] 영국식 브런치 '스카치 에그' 집에서 쉽게 만들어볼까요?,"조회수 1,079회",2020. 2. 26.,댓글 1개,좋아요 8개,싫어요 3개
"계란후라이맛, 간장치킨맛, 육개장맛 감자칩과 밥의 조합은? | 괴식조합 요슐랭 7화",조회수 440회,2020. 2. 23.,댓글 4개,좋아요 5개,싫어요 1개
송가인님이 추천한 '김+티라미수' 직접 먹어봤습니다! 전 '지구인'인가 봅니다...| 괴식조합 요슐랭 6화,조회수 488회,2020. 2. 17.,댓글 2개,좋아요 12개,싫어요 1개
소개팅에서 이것만은 하지 말자! 소개팅 최고의 상대 vs 최악의 상대 | 식중진담 7화,조회수 513회,2020. 2. 13.,댓글 1개,좋아요 14개,싫어요 4개
"콜라, 우유, 이온음료에 말아먹는 감자칩의 맛은? | 괴식조합 요슐랭 5화",조회수 344회,2020. 2. 9.,댓글 3개,좋아요 9개,싫어요 2개
너의 인생 친구는 고등학교 친구야? 대학교 친구야? | 식중진담 6화,조회수 886회,2020. 1. 31.,댓글 3개,좋아요 12개,싫어요 없음
짜장 라면과 트러플 오일을 뛰어넘는 소스X라면 조합의 탄생? | 괴식조합 요슐랭 4화,조회수 384회,2020. 1. 26.,댓글 1개,좋아요 9개,싫어요 없음
"러블리즈(Kei, 예인, 수정) 요기요송 우승! 안 들어볼 수 없겠죠?⎮요기붙어라 3탄 '러블리즈(Kei, 예인, 수정)편'","조회수 4,576회",2020. 1. 22.,댓글 33개,좋아요 257개,싫어요 5개
아티스트가 주목하는 아티스트! 픽보이의 요기요송 다시듣기!⎮요기붙어라 3탄 '픽보이편',조회수 389회,2020. 1. 22.,댓글 0개,좋아요 4개,싫어요 없음
본토 소울 제대로 맛보여 준 그렉의 요기요송⎮요기붙어라 3탄 '그렉편',"조회수 1,157회",2020. 1. 22.,댓글 2개,좋아요 18개,싫어요 없음
가장 특이했던(?) 윤쭈꾸의 요기요송⎮요기붙어라 3탄 '윤쭈꾸편',조회수 541회,2020. 1. 22.,댓글 1개,좋아요 7개,싫어요 3개
"설날, 이 얘기 이제 '그만' 듣고 싶다! 설날 금기어 대처법! 싹 다 알려드립니다| 식중진담 5화",조회수 388회,2020. 1. 17.,댓글 1개,좋아요 10개,싫어요 없음
김치 찌개 먹고 요거트 스무디로 입가심하는데... 맛있다고?!⎮괴식조합 요슐랭 3화,조회수 505회,2020. 1. 13.,댓글 2개,좋아요 12개,싫어요 2개
"친구가 취업했는데, 축하해주지 못한 나...정말 나쁜 걸까요? 취준생의 리얼 고민 토크!⎮식중진담 4화",조회수 685회,2020. 1. 3.,댓글 1개,좋아요 14개,싫어요 1개
"요기요송 즐길사람 #요기붙어라 3탄! (feat. 러블리즈 Kei, 예인, 수정, 윤쭈꾸, 픽보이, 그렉)","조회수 4,071회",2020. 1. 2.,댓글 23개,좋아요 139개,싫어요 1개
[Vlog] 핫플 연트럴파크에서 열린 요기요 팝업 #잘먹었어올해도 에 다녀옴! 귀염뽀짝 키링도 받았어요!,조회수 591회,2019. 12. 30.,댓글 1개,좋아요 11개,싫어요 1개
짜장면과 생크림을 같이 먹는다고? 역대급 괴식 조합 먹방! 이거 무조건 먹어보세요...⎮괴식조합 요슐랭 2화,"조회수 1,136회",2019. 12. 29.,댓글 7개,좋아요 24개,싫어요 4개
[The 맛있는 요기요] 아이스크림 튀김 만드는 법 레시피,"조회수 4,608회",2019. 12. 20.,댓글 9개,좋아요 49개,싫어요 4개
"단체 생활, 나만 불편한거야? 대학 새내기는 특히 주목!(feat. 한지연 대학 그만둔 ssul)⎮식중진담 3화","조회수 1,685회",2019. 12. 20.,댓글 4개,좋아요 15개,싫어요 없음
[The 맛있는 요기요] 군만두 라자냐 만드는 법 레시피,조회수 432회,2019. 12. 19.,댓글 0개,좋아요 2개,싫어요 2개
"상상도 못한 조합 [김치 X 치즈케이크], 동서양의 조화(?)는 성공적일까? 대실패일까?⎮괴식조합 요슐랭 1화","조회수 2,557회",2019. 12. 13.,댓글 7개,좋아요 37개,싫어요 7개
[요기요] 박소담과 함께한 신규 TV 광고 촬영 현장 대공개!,"조회수 20,396회",2019. 12. 11.,댓글 51개,좋아요 209개,싫어요 12개
"혼밥, 혼술, 혼영 어디까지 해봤니? 난 '이것'까지 해봤다!⎮식중진담 2화","조회수 2,403회",2019. 12. 5.,댓글 4개,좋아요 18개,싫어요 2개
[The 맛있는 요기요] 브레드 푸딩 만드는 법 레시피,"조회수 2,354회",2019. 11. 29.,댓글 1개,좋아요 21개,싫어요 3개
"[요기요 광고] 인기 프랜차이즈 할인의 즐거움, 요기요해요 #인기브랜드할인편","조회수 38,080회",2019. 11. 28.,댓글 43개,좋아요 169개,싫어요 19개
"[요기요 광고] 줄서는 맛집이 찾아오는 즐거움, 요기요해요 #맛집여행편","조회수 64,111회",2019. 11. 28.,댓글 77개,좋아요 462개,싫어요 79개
"[요기요 광고] 주문마다 할인되는 즐거움, 요기요해요 #슈퍼클럽편","조회수 121,813회",2019. 11. 28.,댓글 25개,좋아요 198개,싫어요 43개
[The 맛있는 요기요] 칠리치즈포테이토 만드는 법 레시피,"조회수 2,050회",2019. 11. 28.,댓글 0개,좋아요 11개,싫어요 없음
"남녀사이 최고의 난제! ""남사친, 여사친 가능하다? 불가능하다?""⎮식중진담 1화","조회수 7,140회",2019. 11. 21.,댓글 12개,좋아요 54개,싫어요 6개
요기요의 새로운 모델은 누구? [요기요],"조회수 12,527회",2019. 11. 21.,댓글 33개,좋아요 40개,싫어요 3개
이제 빅스비로 요기요 주문하세요! [요기요X빅스비],"조회수 1,051회",2019. 11. 20.,댓글 0개,좋아요 6개,싫어요 1개
자동할인만큼 참~ 간단한 슈퍼클럽 가입방법 [요기요],"조회수 1,680회",2019. 11. 12.,댓글 1개,좋아요 4개,싫어요 3개
[The 맛있는 요기요] 배달음식 활용 곱창 파스타 요리 레시피,조회수 924회,2019. 10. 17.,댓글 3개,좋아요 3개,싫어요 1개
[The 맛있는 요기요] 피자핫도그 만드는 법 레시피,"조회수 1,413회",2019. 10. 16.,댓글 2개,좋아요 14개,싫어요 없음
"우아하게, 한강피크닉(요기요X서울밤도깨비야시장)",조회수 397회,2019. 10. 10.,댓글 2개,좋아요 6개,싫어요 2개
