﻿title_list,view,upload_date,comment,likes_num,unlikes_num
믿고 쓰는 IOPE 레티놀의 이야기,조회수 35회,2020. 9. 25.,댓글 0개,좋아요 1개,싫어요 없음
집요하게 파고드는 IOPE 레티놀의 주름 개선 효과,조회수 21회,2020. 9. 25.,댓글 0개,좋아요 1개,싫어요 없음
뷰티 인플루언서들의 은밀한 레티놀 토크!,조회수 85회,2020. 9. 24.,댓글 1개,좋아요 6개,싫어요 없음
IOPE 내돈내산 찐리뷰 BEST! 2화,"조회수 18,176회",2020. 9. 21.,댓글 5개,좋아요 29개,싫어요 12개
IOPE 내돈내산 찐리뷰 BEST! 1화,"조회수 31,588회",2020. 9. 21.,댓글 3개,좋아요 59개,싫어요 20개
IOPE 엄마의 주름없는 피부비결? 주름은 엄마말 들어!,조회수 77회,2020. 9. 21.,댓글 0개,좋아요 2개,싫어요 없음
IOPE 엄마의 주름없는 피부비결? 주름은 엄마말 들어!,조회수 72회,2020. 9. 21.,댓글 0개,좋아요 2개,싫어요 없음
2주 만에 주름잡는 레티놀의 모든 것,조회수 294회,2020. 9. 15.,댓글 0개,좋아요 20개,싫어요 없음
"피부 맞춤 연구소에서 얼굴 치수 잰 사연 [feat. 찍소, 자니]",조회수 138회,2020. 9. 15.,댓글 0개,좋아요 3개,싫어요 없음
아이오페 스템3 소프너&에멀전,조회수 256회,2020. 9. 14.,댓글 0개,좋아요 2개,싫어요 없음
세자매의 유전자의 비밀을 파헤치다,조회수 624회,실시간 스트리밍 시작일: 2020. 9. 13.,댓글 10개,좋아요 37개,싫어요 없음
20.09.14 IOPE SKIN WEEK GRAND OPEN!,조회수 234회,2020. 9. 11.,댓글 2개,좋아요 7개,싫어요 없음
11번가 V커머스 영상 편집본 (단초수),조회수 238회,2020. 9. 1.,댓글 1개,좋아요 3개,싫어요 없음
11번가 V커머스 영상 편집본 (장초수),조회수 184회,2020. 9. 1.,댓글 0개,좋아요 1개,싫어요 2개
아이오페 스템Ⅲ 앰플을 사용한 뒤 8대 피부 지표 개선 결과!,조회수 396회,2020. 8. 31.,댓글 0개,좋아요 7개,싫어요 없음
IOPE 내돈내산 찐리뷰 BEST! 1화,"조회수 128,899회",2020. 8. 31.,댓글 5개,좋아요 276개,싫어요 71개
IOPE 내돈내산 찐리뷰 BEST! 2화,"조회수 134,538회",2020. 8. 31.,댓글 6개,좋아요 310개,싫어요 80개
IOPE 엄마의 주름없는 피부비결? 주름은 엄마말 들어!,조회수 571회,2020. 8. 31.,댓글 0개,좋아요 10개,싫어요 없음
IOPE 엄마의 주름없는 피부비결? 주름은 엄마말 들어!,"조회수 1,457회",2020. 8. 31.,댓글 1개,좋아요 9개,싫어요 1개
IOPE 레티놀 엑스퍼트 0.1%ㅣ주름엔 딱 집어 레티놀,"조회수 1,425회",2020. 8. 31.,댓글 0개,좋아요 18개,싫어요 3개
"아이오페 스템Ⅲ, 수면 박탈 실험을 진행하다!",조회수 203회,2020. 8. 31.,댓글 0개,좋아요 1개,싫어요 없음
[하이라이트] IOPE x 11번가 NEW 에어쿠션 스킨핏 톤업 라이브방송! (feat. 안소미&리코),조회수 180회,2020. 8. 27.,댓글 1개,좋아요 4개,싫어요 없음
IOPE x 11번가 NEW 에어쿠션 스킨핏 톤업 라이브방송! (feat. 안소미&리코),조회수 993회,실시간 스트리밍 시작일: 2020. 8. 25.,댓글 1개,좋아요 18개,싫어요 없음
스템III 3종 세트로 여름 스킨케어 완성,조회수 515회,2020. 8. 23.,댓글 2개,좋아요 11개,싫어요 없음
더 비타민 C23의 놀라운 광채!,조회수 911회,2020. 8. 13.,댓글 0개,좋아요 3개,싫어요 1개
"4인의 뷰티셀럽이 직접 소개하는 에어쿠션 스킨핏 톤업, 끝까지 화사하게 톤업","조회수 1,278회",2020. 8. 12.,댓글 1개,좋아요 3개,싫어요 없음
아이오페X뮬라웨어 콜라보 키트 언박싱 영상!,조회수 493회,2020. 8. 11.,댓글 0개,좋아요 1개,싫어요 없음
2019년 피부미래 솔루션 경험자들이 말하는 기체험자 리얼 리뷰 3탄,조회수 415회,2020. 8. 5.,댓글 1개,좋아요 9개,싫어요 없음
피부의 미래는 바꿀 수 있다? YES! 기체험자 리얼 리뷰 2탄,조회수 732회,2020. 8. 5.,댓글 1개,좋아요 5개,싫어요 없음
ALL about 피부미래 솔루션! 기체험자 리얼 리뷰 1탄,조회수 384회,2020. 8. 5.,댓글 1개,좋아요 8개,싫어요 없음
요가 매트에도 안 묻어나는 쿠션이 있다? 없다?,"조회수 1,280회",2020. 7. 29.,댓글 0개,좋아요 8개,싫어요 1개
운동 중에도 가볍고 화사하게 톤업 하고 싶다면? NEW 에어쿠션 스킨핏 톤업 출시! (모바일 버전),조회수 657회,2020. 7. 29.,댓글 0개,좋아요 8개,싫어요 없음
운동 중에도 가볍고 화사하게 톤업 하고 싶다면? NEW 에어쿠션 스킨핏 톤업 출시!,"조회수 2,898회",2020. 7. 29.,댓글 0개,좋아요 9개,싫어요 12개
한소희가 소개하는 명동 IOPE LAB,"조회수 3,233회",2020. 7. 6.,댓글 3개,좋아요 56개,싫어요 없음
IOPE 더 비타민 C 23 x 인간비타민 한소희!,"조회수 14,141회",2020. 6. 24.,댓글 23개,좋아요 206개,싫어요 6개
뷰티 인플루언서 5명의 7일간 #프로바이옴챌린지 !,조회수 420회,2020. 6. 23.,댓글 0개,좋아요 4개,싫어요 없음
"세상의 아름다움을 믿나요? 우리는, 믿습니다",조회수 111회,2020. 6. 23.,댓글 0개,좋아요 2개,싫어요 없음
"자극받은 피부엔, 14일 집중케어 스킨퓨처시리즈 리제너라이징",조회수 667회,2020. 6. 18.,댓글 0개,좋아요 4개,싫어요 없음
"중요한 날 5일전엔, 스킨퓨처시리즈 리프팅",조회수 635회,2020. 6. 18.,댓글 0개,좋아요 1개,싫어요 없음
아이오페 레티놀 엑스퍼트 0 1% 소용량 출시 6/1,조회수 687회,2020. 6. 2.,댓글 0개,좋아요 없음,싫어요 없음
나만의 맞춤형 세럼과 3D 마스크 만들기 in IOPE LAB (가로ver.),조회수 509회,2020. 6. 2.,댓글 0개,좋아요 3개,싫어요 없음
내 얼굴에 딱 맞는 3D 마스크와 맞춤형 세럼 만드는 방법,조회수 129회,2020. 5. 29.,댓글 0개,좋아요 없음,싫어요 없음
[랜선투어] 명동 IOPE LAB을 방문하다!,조회수 174회,2020. 5. 29.,댓글 0개,좋아요 1개,싫어요 없음
나만의 맞춤형 세럼과 3D 마스크 만들기 in IOPE LAB (세로ver.),조회수 161회,2020. 5. 29.,댓글 0개,좋아요 1개,싫어요 없음
아름다움은 무엇으로도 가려지지 않습니다,"조회수 2,313회",2020. 5. 27.,댓글 4개,좋아요 11개,싫어요 없음
아모레퍼시픽은 아름다움의 힘을 믿습니다.,조회수 317회,2020. 5. 19.,댓글 0개,좋아요 8개,싫어요 1개
아이오페 바이오 에센스 트루 블루 리미티드 에디션 출시! (5/25~),"조회수 2,872회",2020. 5. 17.,댓글 3개,좋아요 7개,싫어요 없음
장시간 마스크 착용으로 인한 피부 스트레스!,조회수 273회,2020. 5. 5.,댓글 0개,좋아요 3개,싫어요 없음
주름보다 깊은 사연을 담아! #팔자핀라디오 (Full ver.),조회수 421회,2020. 4. 22.,댓글 1개,좋아요 3개,싫어요 없음
"#팔자핀라디오 3부!! 짠한 남편- 주름 펴주세요 (feat. DJ 박미선, 김영철)",조회수 598회,2020. 4. 20.,댓글 0개,좋아요 2개,싫어요 없음
"#팔자핀라디오 2부!! 선생님 사랑합니다 ♡♡ (feat. DJ 박미선, 김영철)",조회수 781회,2020. 4. 20.,댓글 0개,좋아요 5개,싫어요 1개
"주름보다 깊은 사연을 담아! #팔자핀라디오 (feat. DJ 박미선, 김영철)","조회수 2,369회",2020. 4. 19.,댓글 3개,좋아요 17개,싫어요 없음
"아이오페 레티놀 엑스퍼트 0.3%ㅣ성분은 강력하고, 주름은 확실하게","조회수 6,404회",2020. 4. 15.,댓글 3개,좋아요 17개,싫어요 없음
아이오페 이노베이터 인터뷰_레티놀,조회수 303회,2020. 3. 29.,댓글 1개,좋아요 2개,싫어요 없음
아이오페 이노베이터 인터뷰_멜라닌 색소와 비타민,조회수 323회,2020. 3. 29.,댓글 0개,좋아요 5개,싫어요 1개
아이오페 레티놀ㅣ회사원A가 밝히는 다이어트보다 쉬운 주름관리 비결 대.공.개!,"조회수 447,739회",2020. 2. 6.,댓글 6개,좋아요 28개,싫어요 2개
[아이오페맨] 모델 김지석 메이킹 필름 공개!,"조회수 5,699회",2020. 2. 3.,댓글 13개,좋아요 108개,싫어요 5개
"[아이오페 레티놀] 레티놀, 그것이 알고싶다! 연구원이 말하는 레티놀 완전정복","조회수 6,752회",2020. 1. 6.,댓글 16개,좋아요 72개,싫어요 1개
"[아이오페 레티놀] 레티놀, 그것이 알고싶다! 마케터가 말하는 레티놀 완전정복 (2편)","조회수 4,703회",2020. 1. 6.,댓글 6개,좋아요 34개,싫어요 2개
"[아이오페 레티놀] 레티놀, 그것이 알고싶다! 마케터가 말하는 레티놀 완전정복 (1편)","조회수 3,523회",2020. 1. 6.,댓글 0개,좋아요 27개,싫어요 없음
아이오페 레티놀 엑스퍼트 0.1%ㅣ주름보다 강한 슈퍼레티놀,"조회수 2,145,374회",2020. 1. 1.,댓글 0개,좋아요 30개,싫어요 2개
[아이오페X파우더룸] 쿠션탄생 썰부터 민감피부 추천템까지 아이오페 담당자가 직접 말해주는 이야기,"조회수 1,276회",2019. 12. 19.,댓글 4개,좋아요 7개,싫어요 없음
[아이오페X파우더룸] 아이오페 담당자의 20년 노하우 담긴 3가지 최애템,"조회수 8,785회",2019. 12. 19.,댓글 28개,좋아요 58개,싫어요 1개
아이오페 레티놀 ㅣ 주름완전정복 ㅣ #5 신선한 레티놀이 왔어요,"조회수 80,933회",2019. 12. 19.,댓글 0개,좋아요 11개,싫어요 1개
아이오페 레티놀 ㅣ 주름완전정복 ㅣ #4 어떤 주름을 도와드릴까요?,"조회수 8,405회",2019. 12. 19.,댓글 0개,좋아요 11개,싫어요 5개
"아이오페 레티놀 ㅣ 주름완전정복 ㅣ #3 주름, 보이는 게 전부일까요?","조회수 462,937회",2019. 12. 19.,댓글 0개,좋아요 12개,싫어요 1개
아이오페 레티놀 ㅣ 주름완전정복 ㅣ #2 주름잡는 어벤져스,"조회수 9,746회",2019. 12. 19.,댓글 0개,좋아요 28개,싫어요 6개
아이오페 레티놀 ㅣ 주름완전정복 ㅣ #1 주름보다 쎈 것이 왔다,"조회수 78,821회",2019. 12. 19.,댓글 5개,좋아요 209개,싫어요 103개
아이오페 레티놀 엑스퍼트 0.1%ㅣ주름보다 강한 슈퍼레티놀,"조회수 555,196회",2019. 12. 18.,댓글 2개,좋아요 23개,싫어요 2개
[아이오페] 더 비타민 C23 - 그 신상이 알고싶다,"조회수 8,428회",2019. 9. 30.,댓글 3개,좋아요 38개,싫어요 4개
