﻿title_list,view,upload_date,comment,likes_num,unlikes_num
[IONIQ x Wired] 모빌리티와 일상의 연결,"조회수 1,038회",2020. 9. 23.,댓글 7개,좋아요 11개,싫어요 2개
[IONIQ x Wired] IONIQ Concept Cabin,"조회수 1,336회",2020. 9. 23.,댓글 2개,좋아요 20개,싫어요 2개
[브랜드 필름] 전기차 미래 고객경험 'Style Set Free',조회수 955회,2020. 9. 23.,댓글 8개,좋아요 28개,싫어요 없음
"[나의 판타집] 양동근♥박가람 부부의 진솔한 이야기! 아이들이 그냥 ""아무 일 없이 크면 좋겠어""","조회수 1,613회",2020. 9. 17.,댓글 2개,좋아요 25개,싫어요 없음
"[매뉴얼] 당신의 STAY를 위한 투싼 기능 소개 ""요가"" 편(50s)","조회수 159,187회",2020. 9. 16.,댓글 18개,좋아요 43개,싫어요 7개
"[광고] 투싼 런칭 필름 ""요가룸"" 편 (30s)","조회수 189,792회",2020. 9. 15.,댓글 40개,좋아요 105개,싫어요 9개
"현대자동차 신형투싼 출시, 언베일링 필름 공개","조회수 5,044회",2020. 9. 15.,댓글 7개,좋아요 53개,싫어요 3개
"[매뉴얼] 당신의 STAY를 위한 투싼 기능 소개 ""오피스"" 편(50s)","조회수 164,837회",2020. 9. 14.,댓글 46개,좋아요 106개,싫어요 16개
"[매뉴얼] 당신의 STAY를 위한 투싼 기능 소개 ""DJ"" 편(50s)","조회수 260,394회",2020. 9. 14.,댓글 17개,좋아요 54개,싫어요 8개
"[매뉴얼] 당신의 STAY를 위한 투싼 기능 소개 ""영화관"" 편(50s)","조회수 79,141회",2020. 9. 14.,댓글 31개,좋아요 118개,싫어요 11개
"[매뉴얼] 당신의 STAY를 위한 투싼 기능 소개 ""만화방"" 편(50s)","조회수 234,608회",2020. 9. 14.,댓글 32개,좋아요 121개,싫어요 8개
"[광고] 투싼 런칭 필름 ""오피스"" 편 (30s)","조회수 193,670회",2020. 9. 14.,댓글 37개,좋아요 124개,싫어요 8개
"[광고] 투싼 런칭 필름 ""DJ 연습실"" 편 (30s)","조회수 425,387회",2020. 9. 14.,댓글 31개,좋아요 124개,싫어요 16개
"[광고] 투싼 런칭 필름 ""영화관"" 편 (30s)","조회수 310,320회",2020. 9. 14.,댓글 48개,좋아요 165개,싫어요 13개
"[광고] 투싼 런칭 필름 ""만화방"" 편 (30s)","조회수 353,816회",2020. 9. 14.,댓글 80개,좋아요 170개,싫어요 13개
올 뉴 투싼 공식 디자인 필름,"조회수 19,530회",2020. 9. 14.,댓글 51개,좋아요 163개,싫어요 5개
[최초 공개] 신형 투싼 World Premiere,"조회수 67,351회",2020. 9. 14.,댓글 262개,좋아요 469개,싫어요 42개
[광고] 투싼 프리런칭 (15'S),"조회수 946,955회",2020. 9. 3.,댓글 81개,좋아요 207개,싫어요 16개
"[브랜드필름] 현대자동차 신형 투싼 출시, 티저 공개","조회수 139,326회",2020. 9. 2.,댓글 82개,좋아요 297개,싫어요 14개
[전모델 오너입니다만? EP.05] 캠잘알 조로존은 더 뉴 싼타페에 진심인 편;; 그래서 뭐가 달라졌다고?! 전/격/분/석,"조회수 206,524회",2020. 9. 1.,댓글 21개,좋아요 79개,싫어요 12개
[IONIQ x BTS] IONIQ: I’m On it - (full.ver),"조회수 147,654회",2020. 9. 1.,댓글 764개,"좋아요 17,947개",싫어요 34개
[강제소집 Ep.3-4] '재훈&창훈' 여행 마지막 찐 속마음! 잊ㅈi못할 추억 함께ㅎH...★,"조회수 1,308회",2020. 8. 30.,댓글 4개,좋아요 10개,싫어요 1개
"[브랜드필름_예고편] 아반떼 하이브리드 vs N Line 극과 극 드라이빙 데이트 - ""데이트 위드 아반떼""","조회수 1,151,744회",2020. 8. 26.,댓글 14개,좋아요 124개,싫어요 47개
[강제소집 Ep.3-3] '재성&창훈' 2kg 초대형 토마호크 직화구이 실화?! (feat.우중캠핑),조회수 978회,2020. 8. 26.,댓글 3개,좋아요 13개,싫어요 3개
[카마스터 전시차 언박싱 EP.04_세종청사지점] 갑.분.눕. 방송중 지점장님의 이유있는 눕방(?) 전/격/공/개/,"조회수 206,136회",2020. 8. 24.,댓글 18개,좋아요 64개,싫어요 11개
[강제소집 Ep.3-2] 축구어부 '재성&창훈' 세상 가장 어설픈 낚시 대결ㅋㅋㅋ(feat. 노피쉬),"조회수 1,009회",2020. 8. 24.,댓글 4개,좋아요 17개,싫어요 없음
[강제소집 Ep.3-1] '재성 & 창훈' 더 뉴 싼타페 타고 여행을 떠나요♬,"조회수 1,950회",2020. 8. 21.,댓글 4개,좋아요 25개,싫어요 2개
[매뉴얼] 올 뉴 아반떼 하이브리드 자세히 알아보기,"조회수 61,464회",2020. 8. 12.,댓글 146개,좋아요 602개,싫어요 40개
[매뉴얼] 올 뉴 아반떼 N Line 자세히 알아보기,"조회수 91,637회",2020. 8. 12.,댓글 292개,좋아요 743개,싫어요 62개
"[브랜드필름_풀버전] 아반떼 하이브리드 vs N Line 극과 극 드라이빙 데이트 - ""데이트 위드 아반떼""","조회수 1,522,733회",2020. 8. 12.,댓글 263개,"좋아요 1,177개",싫어요 176개
[브랜드 필름] IONIQ(아이오닉) 브랜드 필름,"조회수 16,496회",2020. 8. 9.,댓글 26개,NaN,NaN
현대 모터스튜디오 랜선 체험 3탄 ㅣ 서울편,"조회수 6,972회",2020. 8. 5.,댓글 11개,좋아요 40개,싫어요 5개
[왜 그럴CAR? EP.02] 움직이는 공기청정기가 있다고양?,"조회수 140,505회",2020. 8. 1.,댓글 16개,좋아요 53개,싫어요 8개
"[모터쇼] ""제 5회 브릴리언트 키즈 모터쇼"" 아이들이 상상한 미래의 모빌리티를 그림과 이야기로 보내주세요.","조회수 3,091회",2020. 7. 26.,댓글 9개,좋아요 34개,싫어요 6개
[CSR] 아이들이 미세먼지로부터 안전한 교실을 위해 '아이오닉 포레스트 교실 숲',"조회수 2,859회",2020. 7. 16.,댓글 7개,좋아요 20개,싫어요 3개
[전모델 오너입니다만? EP.04] 벨로스터 대체 웨.않.타? 벨로스터 N 오너 찌인의 8DCT 와인딩 디테일 리뷰 대공개!,"조회수 54,513회",2020. 7. 12.,댓글 55개,좋아요 165개,싫어요 58개
"[매뉴얼] 코로나 19 예방 수칙으로 확인하는 차량 관리 수칙 ｜ Safe Care, Safe Car","조회수 236,104회",2020. 7. 9.,댓글 23개,좋아요 81개,싫어요 4개
[카마스터 전시차 언박싱 EP.03_속초] 이야~ 팰리세이드 캘리그래피 트림 뭐 이래 좋나 이거!,"조회수 205,101회",2020. 7. 6.,댓글 23개,좋아요 136개,싫어요 43개
"[전모델 오너입니다만? EP.03] 아반떼 4년차 출근러 오너의, 24시간 올 뉴 아반떼에서 살아남기","조회수 10,061회",2020. 7. 2.,댓글 43개,좋아요 108개,싫어요 16개
[현대모터스튜디오] 현대 모터스튜디오 랜선 체험 2탄ㅣ하남편,"조회수 5,866회",2020. 7. 1.,댓글 3개,좋아요 33개,싫어요 5개
"[광고] 싼타페가 가족에게 - ""좁은 주차 공간도 문제 없어요""편 (30's)","조회수 1,040,247회",2020. 6. 29.,댓글 11개,좋아요 51개,싫어요 7개
"[광고] 싼타페가 가족에게 - "" 후방 주차도 걱정 말아요""편 (30's)","조회수 958,188회",2020. 6. 29.,댓글 9개,좋아요 39개,싫어요 3개
"[광고] 싼타페가 가족에게 - ""누가 운전해도 맞춰줄게요""편 (30's)","조회수 231,521회",2020. 6. 29.,댓글 1개,좋아요 41개,싫어요 8개
"[광고] 싼타페가 가족에게 - ""곡선구간을 만나도 안심하세요""편 (30's)","조회수 462,327회",2020. 6. 29.,댓글 8개,좋아요 36개,싫어요 1개
"[브랜드 필름] 더 뉴 싼타페 런칭 - ""나의 가족에게""(BGM: 이승환 - 가족)","조회수 4,591,282회",2020. 6. 29.,댓글 414개,"좋아요 3,006개",싫어요 820개
"[광고] 더 뉴 싼타페 런칭 - ""자주 만나요"" 편(60's)","조회수 802,157회",2020. 6. 29.,댓글 95개,좋아요 267개,싫어요 72개
"[광고] 더 뉴 싼타페 런칭 - ""아무 일 없이 크면 좋겠어"" 편(60's)","조회수 1,017,588회",2020. 6. 29.,댓글 102개,좋아요 228개,싫어요 65개
"[광고] 더 뉴 싼타페 런칭 - ""끄떡없이 버틸게"" 편(60's)","조회수 872,998회",2020. 6. 29.,댓글 59개,좋아요 150개,싫어요 40개
"[광고] 더 뉴 싼타페 런칭 - ""엄마의 탄생"" 편(60초)","조회수 924,701회",2020. 6. 29.,댓글 136개,좋아요 236개,싫어요 105개
[최초공개] 더 뉴 싼타페 디지털 언박싱,"조회수 109,161회",최초 공개: 2020. 6. 29.,댓글 173개,좋아요 501개,싫어요 69개
"[광고] 현대자동차 구독 서비스, Hyundai Selection - ""다양한 신차 경험"" 편","조회수 779,645회",2020. 6. 26.,댓글 22개,좋아요 59개,싫어요 8개
"[광고] 현대자동차 구독 서비스, Hyundai Selection - ""자유로운 구독/해지"" 편","조회수 775,838회",2020. 6. 26.,댓글 16개,좋아요 55개,싫어요 5개
"[전모델 오너입니다만? EP.02] 벨N 덕질했더니, 드디어 계탔습니다! 벨로스터N 오너의 8 DCT 찐.리.뷰 공개 (N 그린 쉬프트 진심 미.쳤.다...)","조회수 90,961회",2020. 6. 26.,댓글 415개,"좋아요 1,234개",싫어요 30개
Collision From Home 2020 - Humanizing Mobility Innovation,"조회수 1,757회",2020. 6. 25.,댓글 3개,좋아요 24개,싫어요 3개
현대 모터스튜디오 고양ㅣThe Future of Mobility is Coming,"조회수 392,897회",2020. 6. 24.,댓글 12개,좋아요 42개,싫어요 2개
첼시FC 축구선수가 현대자동차 카마스터로 변신하다?!,"조회수 2,942회",2020. 6. 16.,댓글 18개,좋아요 55개,싫어요 1개
현대 모터스튜디오ㅣSmile Studio에서 웃음을 기부하세요!,"조회수 739,396회",2020. 6. 14.,댓글 233개,좋아요 42개,싫어요 4개
현대 모터스튜디오 서울 신규 전시 '현대자동차 x ELEKTRA: METAMORPHOSIS',"조회수 3,595회",2020. 6. 13.,댓글 11개,좋아요 39개,싫어요 3개
"[광고] 더 뉴 싼타페 프리런칭- ""엄마의 탄생"" 편 (30's)","조회수 286,517회",2020. 6. 2.,댓글 127개,좋아요 351개,싫어요 57개
"[광고] 더 뉴 싼타페 프리런칭 - ""끄떡없이 버틸게"" 편 (30초)","조회수 298,201회",2020. 6. 2.,댓글 123개,좋아요 319개,싫어요 49개
[ 왜 그럴CAR? EP.01 ] 드라이브 스루 어디까지 가능할까?,"조회수 152,218회",2020. 6. 2.,댓글 21개,좋아요 156개,싫어요 53개
현대 모터스튜디오 고양의 STAGE X Drive-In Concert ㅣ콘서트 리뷰 & 현장 스케치,"조회수 7,933회",2020. 5. 27.,댓글 19개,좋아요 82개,싫어요 5개
[ 왜 그럴CAR? 티징공개 ] 자동차에 대한 모든 궁금증을 파헤치다!,"조회수 55,786회",2020. 5. 25.,댓글 26개,좋아요 127개,싫어요 24개
현대 모터스튜디오 랜선 체험 1탄ㅣ고양편,"조회수 17,286회",2020. 5. 19.,댓글 36개,좋아요 121개,싫어요 12개
"코로나19, 대구 의료진 가족과 함께하는 응원가 '오르막길'","조회수 6,871,318회",2020. 5. 8.,"댓글 1,242개","좋아요 5,947개",싫어요 141개
카운티 뉴브리즈(COUNTY New Breeze) 마을 버스 편,"조회수 1,078,327회",2020. 4. 28.,댓글 261개,좋아요 898개,싫어요 145개
카운티 뉴브리즈(COUNTY New Breeze) 어린이집 버스 편,"조회수 1,660,473회",2020. 4. 28.,댓글 241개,좋아요 858개,싫어요 164개
[광고] [Car] 아반떼 N 라인 티저 공개,"조회수 61,021회",2020. 4. 27.,댓글 229개,좋아요 491개,싫어요 33개
"[카마스터 전시차 언박싱 EP.02_전남] 올 뉴 아반떼, 디자인이 어↗떠↘요? 허벌나게 괜찮소~??","조회수 204,092회",2020. 4. 27.,댓글 29개,좋아요 247개,싫어요 80개
I'M DOgNOR_부산짱 편,"조회수 1,025,054회",2020. 4. 26.,댓글 26개,좋아요 141개,싫어요 5개
I'M DOgNOR_소개팅 편,"조회수 1,041,831회",2020. 4. 26.,댓글 45개,좋아요 157개,싫어요 9개
I'M DOgNOR_공혈견 전역 편,"조회수 1,037,924회",2020. 4. 26.,댓글 38개,좋아요 162개,싫어요 6개
"[CAR] 2020 벨로스터 N 출시, ""Shift the Moment"" - Performance 편 (30's)","조회수 7,905회",2020. 4. 22.,댓글 13개,좋아요 81개,싫어요 5개
"[CAR] 2020 벨로스터 N 출시, ""Shift the Moment - N Gamer"" - USP 필름 공개","조회수 34,150회",2020. 4. 20.,댓글 132개,좋아요 412개,싫어요 12개
[매뉴얼]세상 달라진 올 뉴 아반떼 - 후방 주차 충돌방지 보조,"조회수 737,777회",2020. 4. 19.,댓글 8개,좋아요 55개,싫어요 5개
[매뉴얼] 세상 달라진 올 뉴 아반떼 - 현대 카페이,"조회수 736,613회",2020. 4. 16.,댓글 7개,좋아요 47개,싫어요 5개
[매뉴얼] 세상 달라진 올 뉴 아반떼 - 현대 디지털 키,"조회수 738,355회",2020. 4. 15.,댓글 11개,좋아요 76개,싫어요 10개
[매뉴얼] 세상 달라진 올 뉴 아반떼 - 하차 후 최종 목적지 안내,"조회수 732,366회",2020. 4. 14.,댓글 2개,좋아요 35개,싫어요 5개
"[CAR] 2020 벨로스터 N 출시 임박, “Shift the Moment ” – Performance 편 (Teaser)","조회수 23,931회",2020. 4. 14.,댓글 44개,좋아요 211개,싫어요 5개
현대자동차 최초 습식 8속 DCT,"조회수 28,963회",2020. 4. 14.,댓글 50개,좋아요 264개,싫어요 11개
[매뉴얼] 세상 달라진 올 뉴 아반떼 - 음성인식 차량제어,"조회수 728,605회",2020. 4. 13.,댓글 4개,좋아요 65개,싫어요 12개
[매뉴얼] 세상 달라진 올 뉴 아반떼 - 공기청정 시스템,"조회수 736,364회",2020. 4. 13.,댓글 3개,좋아요 60개,싫어요 10개
[광고] 올 뉴 아반떼 월드프리미어 – at a glance,"조회수 613,785회",2020. 4. 12.,댓글 29개,좋아요 284개,싫어요 67개
[ Hyundai X BTS ] Because of You with 방탄소년단 지민,"조회수 23,708회",2020. 4. 8.,댓글 90개,"좋아요 2,533개",싫어요 30개
[매뉴얼] 현대 스마트 엔지니어링 - 아반떼 (Full version),"조회수 95,816회",2020. 4. 7.,댓글 155개,좋아요 606개,싫어요 57개
"[광고] 올 뉴 아반떼 출시 ""세상, 달라졌다."" - 우리집 세컨드카 편","조회수 947,697회",2020. 4. 6.,댓글 42개,좋아요 464개,싫어요 12개
"[광고] 올 뉴 아반떼 출시 ""세상, 달라졌다."" - 5인가족 패밀리카 편","조회수 943,997회",2020. 4. 6.,댓글 127개,좋아요 558개,싫어요 31개
[매뉴얼] 현대 스마트 디자인 - 아반떼 (Full version),"조회수 40,357회",2020. 4. 6.,댓글 45개,좋아요 173개,싫어요 22개
올 뉴 아반떼 디지털 언박싱 최초공개,"조회수 182,148회",최초 공개: 2020. 4. 6.,댓글 321개,좋아요 859개,싫어요 86개
[광고] All New AVANTE 디자인 스낵필름,"조회수 61,345회",2020. 4. 1.,댓글 26개,좋아요 154개,싫어요 12개
[ Hyundai X BTS ] Because of You with 방탄소년단 슈가,"조회수 15,337회",2020. 4. 1.,댓글 45개,"좋아요 1,790개",싫어요 8개
[ Hyundai X BTS ] Because of You with 방탄소년단 RM,"조회수 12,283회",2020. 3. 25.,댓글 30개,"좋아요 1,433개",싫어요 15개
"[광고] 올 뉴 아반떼 출시 ""세상, 달라졌다."" - 제2의 청춘카 편","조회수 2,634,099회",2020. 3. 24.,댓글 210개,"좋아요 1,073개",싫어요 42개
"[광고] 올 뉴 아반떼 출시 ""세상, 달라졌다."" - 루키들의 인생첫차 편","조회수 1,952,842회",2020. 3. 24.,댓글 140개,좋아요 434개,싫어요 36개
[매뉴얼] 올 뉴 아반떼 360도 VR 쇼룸 [외장편],"조회수 135,486회",2020. 3. 18.,댓글 72개,좋아요 476개,싫어요 70개
[매뉴얼] 올 뉴 아반떼 360도 VR 쇼룸 [내장편],"조회수 210,919회",2020. 3. 18.,댓글 273개,좋아요 857개,싫어요 104개
"현대자동차 아반떼, 글로벌 최초 공개","조회수 39,980회",2020. 3. 18.,댓글 57개,좋아요 284개,싫어요 13개
[ Hyundai X BTS ] Because of You with 방탄소년단 제이홉,"조회수 15,278회",2020. 3. 18.,댓글 82개,"좋아요 1,673개",싫어요 8개
[광고] The all-new ELANTRA Global Anthem Film : This Is How You Dare,"조회수 18,675회",2020. 3. 17.,댓글 14개,좋아요 113개,싫어요 8개
"[광고] 현대자동차 아반떼 출시, 디자인 무비 공개","조회수 78,249회",2020. 3. 17.,댓글 78개,좋아요 307개,싫어요 15개
[광고] 씬스틸러 쏘나타 센슈어스 - 종합편,"조회수 15,305회",2020. 3. 16.,댓글 10개,좋아요 97개,싫어요 5개
[광고] 씬스틸러 쏘나타 센슈어스 - Mt. Rushmore (러시모어 산 편),"조회수 1,171,337회",2020. 3. 16.,댓글 12개,좋아요 75개,싫어요 7개
[광고] 씬스틸러 쏘나타 센슈어스 - Nighthawks (밤을 지새우는 사람들편),"조회수 977,774회",2020. 3. 16.,댓글 9개,좋아요 94개,싫어요 7개
[광고] 씬스틸러 쏘나타 센슈어스 - The Kiss (키스편),"조회수 664,261회",2020. 3. 16.,댓글 15개,좋아요 79개,싫어요 7개
[ Hyundai X BTS ] Because of You with 방탄소년단 진,"조회수 23,065회",2020. 3. 11.,댓글 74개,"좋아요 2,069개",싫어요 17개
"[광고] 현대자동차 아반떼 출시, 티저 공개","조회수 2,933,277회",2020. 3. 10.,댓글 348개,좋아요 794개,싫어요 48개
[현대자동차] 시승센터 이용 가이드 (Full),"조회수 28,018회",2020. 3. 9.,댓글 2개,좋아요 80개,싫어요 6개
[ Hyundai X BTS ] Because of You with 방탄소년단 뷔,"조회수 63,685회",2020. 3. 4.,댓글 119개,"좋아요 3,613개",싫어요 33개
[ Hyundai X BTS ] Because of You with 방탄소년단 정국,"조회수 31,837회",2020. 2. 26.,댓글 74개,"좋아요 2,353개",싫어요 29개
"[강제소집.EP2] 여자 축구 국가 대표 지소연 vs 이금민, 쏘나타 하이브리드 타고 퀴즈 대결 (feat. 침묵의 맨시티와 분노의 첼시)","조회수 3,857회",2020. 2. 4.,댓글 3개,좋아요 26개,싫어요 1개
[전모델 오너입니다만? EP.01] 포터만 무려 10년 몰았다! 달인과 함께하는 포터Ⅱ 일렉트릭 리얼 시승기 (+800kg 물류를 싣고 달림 ㅎㄷㄷ),"조회수 15,739회",2020. 1. 22.,댓글 34개,좋아요 122개,싫어요 12개
현대자동차 브랜드 캠페인 ‘두번째 걸음마' - Full story,"조회수 6,185회",2020. 1. 22.,댓글 10개,좋아요 76개,싫어요 1개
현대자동차 브랜드 캠페인 ‘두번째 걸음마',"조회수 7,831회",2020. 1. 22.,댓글 11개,좋아요 99개,싫어요 없음
현대자동차 2025 전략/재무목표,"조회수 18,586회",2020. 1. 20.,댓글 40개,좋아요 239개,싫어요 6개
[현대자동차 브랜드 캠페인] Because of you – 우리의 비전(30초),"조회수 3,045회",2020. 1. 16.,댓글 1개,좋아요 16개,싫어요 1개
[현대자동차 브랜드 캠페인] Because of you – 우리의 비전(60초),"조회수 3,286회",2020. 1. 16.,댓글 1개,좋아요 30개,싫어요 1개
[현대자동차 브랜드 캠페인] Because of you – 암스테르담 편(30초),"조회수 2,204회",2020. 1. 16.,댓글 0개,좋아요 18개,싫어요 1개
[현대자동차 브랜드 캠페인] Because of you – 암스테르담 편(60초),"조회수 6,350회",2020. 1. 16.,댓글 6개,좋아요 39개,싫어요 3개
[현대자동차 브랜드 캠페인] Because of you – 로스앤젤레스 편(30초),"조회수 2,125회",2020. 1. 16.,댓글 0개,좋아요 14개,싫어요 없음
[현대자동차 브랜드 캠페인] Because of you – 로스앤젤레스 편(60초),"조회수 3,668회",2020. 1. 16.,댓글 1개,좋아요 19개,싫어요 없음
[현대자동차 브랜드 캠페인] Because of you – 충칭 편(30초),"조회수 1,997회",2020. 1. 16.,댓글 0개,좋아요 11개,싫어요 2개
[현대자동차 브랜드 캠페인] Because of you – 충칭 편(60초),"조회수 3,207회",2020. 1. 16.,댓글 2개,좋아요 29개,싫어요 1개
[현대자동차 브랜드 캠페인] Because of you – 서울 편(30초),"조회수 2,171회",2020. 1. 16.,댓글 0개,좋아요 20개,싫어요 없음
[현대자동차 브랜드 캠페인] Because of you – 서울 편(60초),"조회수 4,519회",2020. 1. 16.,댓글 5개,좋아요 43개,싫어요 없음
현대 모터스튜디오 글로벌 아트 프로젝트 'Human (un)limited' 전시,"조회수 1,028,864회",2020. 1. 8.,댓글 3개,좋아요 20개,싫어요 3개
싼타페의 뉴질랜드 여행_티징 9 (feat. 방탄소년단),"조회수 52,817회",2019. 12. 30.,댓글 11개,좋아요 639개,싫어요 28개
[CAR] 첫 번째 N 퍼포먼스 파츠 (30s ver.),"조회수 15,966회",2019. 12. 25.,댓글 15개,좋아요 117개,싫어요 5개
싼타페의 뉴질랜드 여행_티징 8 (feat. 방탄소년단),"조회수 13,450회",2019. 12. 23.,댓글 37개,좋아요 793개,싫어요 7개
현대자동차 myHyundai 앱 런칭,"조회수 14,347회",2019. 12. 23.,댓글 6개,좋아요 26개,싫어요 3개
싼타페의 뉴질랜드 여행_티징 7 (feat. 방탄소년단),"조회수 10,482회",2019. 12. 16.,댓글 12개,좋아요 627개,싫어요 4개
"[강제소집.EP1] 국가대표 축구 선수 김민재 vs 장창, 더 뉴 그랜저 타고 마트털기 대결 (후반전)","조회수 2,806회",2019. 12. 11.,댓글 1개,좋아요 25개,싫어요 1개
"[강제소집.EP1] 국가대표 축구 선수 김민재 vs 장창, 더 뉴 그랜저 타고 마트털기 대결 (전반전)","조회수 2,028회",2019. 12. 11.,댓글 4개,좋아요 25개,싫어요 1개
현대 모터스튜디오ㅣ그래서 저는 현대 차(茶)를 탑니다 - 횡단보도편,"조회수 7,032회",2019. 12. 9.,댓글 4개,좋아요 32개,싫어요 3개
현대 모터스튜디오ㅣ현대차에서 현대 차(茶)를 드립니다! - 탕비실편,"조회수 10,326회",2019. 12. 9.,댓글 1개,좋아요 15개,싫어요 3개
현대 모터스튜디오ㅣ현대차에서 현대 차(茶)를 드립니다! - 카페편,"조회수 9,845회",2019. 12. 9.,댓글 3개,좋아요 29개,싫어요 3개
현대 모터스튜디오ㅣ그래서 저는 현대 차(茶)를 탑니다 - 지하철편,"조회수 10,947회",2019. 12. 9.,댓글 3개,좋아요 33개,싫어요 11개
현대 모터스튜디오ㅣ그래서 저는 현대 차(茶)를 탑니다 - 버스편,"조회수 4,824회",2019. 12. 9.,댓글 0개,좋아요 13개,싫어요 3개
싼타페의 뉴질랜드 여행_티징 6 (feat. 방탄소년단),"조회수 14,458회",2019. 12. 9.,댓글 10개,좋아요 685개,싫어요 10개
더 뉴 그랜저 디자인 필름 Hyundai Grandeur Design Film 2020,"조회수 17,680회",2019. 12. 8.,댓글 11개,좋아요 93개,싫어요 5개
현대 모터스튜디오ㅣ성공하면 무슨 차[茶] 탈래?,"조회수 262,130회",2019. 12. 6.,댓글 49개,좋아요 68개,싫어요 4개
현대 모터스튜디오ㅣ현대차에서 현대 차[茶]를 드립니다! - 현대 모터스튜디오편,"조회수 19,454회",2019. 12. 6.,댓글 3개,좋아요 51개,싫어요 11개
현대 모터스튜디오ㅣ크리스마스에 차를 선물 받는다면?,"조회수 728,376회",2019. 12. 6.,댓글 127개,좋아요 121개,싫어요 27개
싼타페의 뉴질랜드 여행_티징5 (feat. 방탄소년단),"조회수 3,124회",2019. 12. 5.,댓글 2개,좋아요 162개,싫어요 없음
내가 만약 쏘나타 센슈어스 산다면... 직장인의 소소한 상상,"조회수 1,937회",2019. 12. 5.,댓글 7개,좋아요 24개,싫어요 7개
현대 모터스튜디오 서울 신규 전시 'Variable Scape' 오프닝데이,"조회수 1,424회",2019. 12. 4.,댓글 0개,좋아요 13개,싫어요 없음
현대자동차 더 뉴 그랜저(The new GRANDEUR) R&D 스토리,"조회수 40,001회",2019. 12. 4.,댓글 40개,좋아요 224개,싫어요 23개
싼타페의 뉴질랜드 여행_티징4 (feat. 방탄소년단),"조회수 15,470회",2019. 12. 2.,댓글 6개,좋아요 422개,싫어요 8개
"[카마스터 전시차 언박싱 EP.01_서울] 더 뉴 그랜저, 얼마나 좋아졌는지 직접 알려드립니다!","조회수 264,968회",2019. 12. 2.,댓글 35개,좋아요 207개,싫어요 31개
싼타페의 뉴질랜드 여행_티징3 (feat. 방탄소년단),"조회수 17,043회",2019. 11. 27.,댓글 12개,좋아요 921개,싫어요 13개
[매뉴얼] 더 뉴 그랜저 자세히 훑어보기,"조회수 21,521회",2019. 11. 25.,댓글 17개,좋아요 130개,싫어요 6개
쏘나타 센슈어스 디자이너 앞에서 대놓고 막말한다면? (Feat. 국민대 자동차운송디자인학과),"조회수 237,029회",2019. 11. 21.,댓글 112개,좋아요 252개,싫어요 43개
현대 모터스튜디오 글로벌 아트 전시 Human (un)limited ㅣ이예승,"조회수 15,906회",2019. 11. 20.,댓글 1개,좋아요 17개,싫어요 없음
[광고] 현대자동차 플러그인 하이브리드 SUV 콘셉트카 Vision T,"조회수 10,623회",2019. 11. 20.,댓글 6개,좋아요 68개,싫어요 2개
"[광고] 현대자동차 GRANDEUR(그랜저) 런칭_2020 성공에 관하여, '퇴사하는 날' 편 (60's)","조회수 48,755회",2019. 11. 19.,댓글 49개,좋아요 227개,싫어요 27개
"[광고] 현대자동차 GRANDEUR(그랜저) 런칭_2020 성공에 관하여, '아들의 걱정' 편 (60's)","조회수 78,943회",2019. 11. 19.,댓글 119개,좋아요 335개,싫어요 75개
"[광고] 현대자동차 GRANDEUR(그랜저) 런칭_2020 성공에 관하여, '유튜버' 편 (60's)","조회수 90,358회",2019. 11. 19.,댓글 243개,좋아요 450개,싫어요 130개
[EVENT] 싼타페의 뉴질랜드 여행_티징2 (feat. 방탄소년단),"조회수 12,751회",2019. 11. 18.,댓글 124개,"좋아요 1,023개",싫어요 2개
[매뉴얼] 더 뉴 그랜저의 새로운 모습으로 살펴보는 성공의 의미,"조회수 353,653회",2019. 11. 18.,댓글 131개,좋아요 642개,싫어요 101개
"[광고] 현대자동차 GRANDEUR(그랜저) 런칭_2020 성공에 관하여, '어려지는 신체나이' 편","조회수 349,382회",2019. 11. 18.,댓글 23개,좋아요 178개,싫어요 23개
"[광고] 현대자동차 GRANDEUR(그랜저) 런칭_2020 성공에 관하여, '퇴사하는 날' 편","조회수 1,290,957회",2019. 11. 18.,댓글 124개,좋아요 321개,싫어요 78개
"[광고] 현대자동차 GRANDEUR(그랜저) 런칭_2020 성공에 관하여, '동창회' 편","조회수 463,395회",2019. 11. 18.,댓글 227개,좋아요 631개,싫어요 73개
"[광고] 현대자동차 GRANDEUR(그랜저) 런칭_2020 성공에 관하여, '아들의 걱정' 편","조회수 850,866회",2019. 11. 18.,댓글 37개,좋아요 149개,싫어요 14개
"[광고] 현대자동차 GRANDEUR(그랜저) 런칭_2020 성공에 관하여, '유튜버' 편","조회수 611,595회",2019. 11. 18.,댓글 105개,좋아요 314개,싫어요 98개
현대 모터스튜디오 글로벌 아트 프로젝트 ‘Human (un)limited’ ㅣ 페이 준,"조회수 7,742회",2019. 11. 14.,댓글 0개,좋아요 10개,싫어요 없음
마음까지 편안해지는 매혹적인 세차 ASMR (FEAT. 쏘나타 센슈어스),"조회수 36,764회",2019. 11. 13.,댓글 53개,좋아요 261개,싫어요 31개
싼타페의 뉴질랜드 여행_티징 (feat. 방탄소년단),"조회수 36,045회",2019. 11. 11.,댓글 11개,좋아요 642개,싫어요 22개
현대 모터스튜디오 글로벌 아트 전시 Human (un)limitedㅣ마틴 혼직,"조회수 15,660회",2019. 11. 10.,댓글 3개,좋아요 16개,싫어요 없음
현대 모터스튜디오 글로벌 아트 전시 Human (un)limitedㅣ마이클 고반,"조회수 14,923회",2019. 11. 6.,댓글 1개,좋아요 15개,싫어요 2개
"[광고] [CAR] 2020 성공에 관하여, 현대자동차 GRANDEUR 프리런칭","조회수 915,277회",2019. 11. 3.,댓글 431개,"좋아요 1,056개",싫어요 80개
현대 모터스튜디오 글로벌 아트 프로젝트 ‘Human (un)limited’ ㅣ 코넬리아 슈나이더 상무,"조회수 14,267회",2019. 11. 1.,댓글 0개,좋아요 23개,싫어요 2개
현대 모터스튜디오 - The New Experiment,"조회수 1,551,944회",2019. 10. 30.,댓글 5개,좋아요 52개,싫어요 2개
[광고] 아반떼 30주년 이벤트 – ‘응답하라 1991 엘란트라’,"조회수 308,359회",2019. 10. 28.,댓글 338개,"좋아요 1,006개",싫어요 53개
현대 모터스튜디오 글로벌 아트 프로젝트 ‘Human(un)limited’ ㅣ 조원홍 CMO,"조회수 16,550회",2019. 10. 25.,댓글 7개,좋아요 28개,싫어요 없음
"[광고] 현대자동차 더 뉴 그랜저, 티저 (The new Grandeur, Teaser)","조회수 445,578회",2019. 10. 21.,댓글 304개,좋아요 967개,싫어요 125개
STAGE X ㅣ 현대 모터스튜디오 뮤직페스티벌 현장 스케치,"조회수 2,579회",2019. 10. 17.,댓글 1개,좋아요 26개,싫어요 4개
수소전기차로 변하는 세상-놀이터 편 (illustrated by SAM USHER),"조회수 11,311회",2019. 10. 14.,댓글 3개,좋아요 34개,싫어요 5개
수소전기차로 변하는 세상-후방주차 편 (illustrated by RICK MCKEE),"조회수 43,211회",2019. 10. 14.,NaN,좋아요 105개,싫어요 21개
수소전기차로 변하는 세상-산책 편 (illustrated by 배성태),"조회수 22,752회",2019. 10. 14.,댓글 3개,좋아요 56개,싫어요 5개
수소전기차로 변하는 세상-퀴즈 편 (illustrated by MARK PARISI),"조회수 70,659회",2019. 10. 14.,댓글 9개,좋아요 156개,싫어요 34개
수소전기차로 변하는 세상-케이크 편 (illustrated by 오빅),"조회수 22,557회",2019. 10. 14.,댓글 0개,좋아요 50개,싫어요 6개
수소전기차로 변하는 세상-시계 편 (illustrated by 설동주),"조회수 15,761회",2019. 10. 14.,댓글 2개,좋아요 37개,싫어요 3개
